Entity,Code,Year,Serving openly in the military (historical)
Albania,ALB,2008,Legal
Albania,ALB,2009,Legal
Albania,ALB,2010,Legal
Albania,ALB,2011,Legal
Albania,ALB,2012,Legal
Albania,ALB,2013,Legal
Albania,ALB,2014,Legal
Albania,ALB,2015,Legal
Albania,ALB,2016,Legal
Albania,ALB,2017,Legal
Albania,ALB,2018,Legal
Albania,ALB,2019,Legal
Albania,ALB,2020,Legal
Albania,ALB,2021,Legal
Albania,ALB,2022,Legal
Albania,ALB,2023,Legal
Albania,ALB,2024,Legal
Albania,ALB,2025,Legal
Algeria,DZA,1966,Illegal
Algeria,DZA,1967,Illegal
Algeria,DZA,1968,Illegal
Algeria,DZA,1969,Illegal
Algeria,DZA,1970,Illegal
Algeria,DZA,1971,Illegal
Algeria,DZA,1972,Illegal
Algeria,DZA,1973,Illegal
Algeria,DZA,1974,Illegal
Algeria,DZA,1975,Illegal
Algeria,DZA,1976,Illegal
Algeria,DZA,1977,Illegal
Algeria,DZA,1978,Illegal
Algeria,DZA,1979,Illegal
Algeria,DZA,1980,Illegal
Algeria,DZA,1981,Illegal
Algeria,DZA,1982,Illegal
Algeria,DZA,1983,Illegal
Algeria,DZA,1984,Illegal
Algeria,DZA,1985,Illegal
Algeria,DZA,1986,Illegal
Algeria,DZA,1987,Illegal
Algeria,DZA,1988,Illegal
Algeria,DZA,1989,Illegal
Algeria,DZA,1990,Illegal
Algeria,DZA,1991,Illegal
Algeria,DZA,1992,Illegal
Algeria,DZA,1993,Illegal
Algeria,DZA,1994,Illegal
Algeria,DZA,1995,Illegal
Algeria,DZA,1996,Illegal
Algeria,DZA,1997,Illegal
Algeria,DZA,1998,Illegal
Algeria,DZA,1999,Illegal
Algeria,DZA,2000,Illegal
Algeria,DZA,2001,Illegal
Algeria,DZA,2002,Illegal
Algeria,DZA,2003,Illegal
Algeria,DZA,2004,Illegal
Algeria,DZA,2005,Illegal
Algeria,DZA,2006,Illegal
Algeria,DZA,2007,Illegal
Algeria,DZA,2008,Illegal
Algeria,DZA,2009,Illegal
Algeria,DZA,2010,Illegal
Algeria,DZA,2011,Illegal
Algeria,DZA,2012,Illegal
Algeria,DZA,2013,Illegal
Algeria,DZA,2014,Illegal
Algeria,DZA,2015,Illegal
Algeria,DZA,2016,Illegal
Algeria,DZA,2017,Illegal
Algeria,DZA,2018,Illegal
Algeria,DZA,2019,Illegal
Algeria,DZA,2020,Illegal
Algeria,DZA,2021,Illegal
Algeria,DZA,2022,Illegal
Algeria,DZA,2023,Illegal
Algeria,DZA,2024,Illegal
Algeria,DZA,2025,Illegal
Angola,AGO,2025,"LGB permitted, transgender people banned"
Antigua and Barbuda,ATG,2025,"""Don't ask, don't tell"""
Argentina,ARG,2009,"LGB permitted, transgender people banned"
Argentina,ARG,2010,"LGB permitted, transgender people banned"
Argentina,ARG,2011,"LGB permitted, transgender people banned"
Argentina,ARG,2012,"LGB permitted, transgender people banned"
Argentina,ARG,2013,"LGB permitted, transgender people banned"
Argentina,ARG,2014,"LGB permitted, transgender people banned"
Argentina,ARG,2015,"LGB permitted, transgender people banned"
Argentina,ARG,2016,"LGB permitted, transgender people banned"
Argentina,ARG,2017,"LGB permitted, transgender people banned"
Argentina,ARG,2018,"LGB permitted, transgender people banned"
Argentina,ARG,2019,"LGB permitted, transgender people banned"
Argentina,ARG,2020,Legal
Argentina,ARG,2021,Legal
Argentina,ARG,2022,Legal
Argentina,ARG,2023,Legal
Argentina,ARG,2024,Legal
Argentina,ARG,2025,Legal
Armenia,ARM,2004,"""Don't ask, don't tell"""
Armenia,ARM,2005,"""Don't ask, don't tell"""
Armenia,ARM,2006,"""Don't ask, don't tell"""
Armenia,ARM,2007,"""Don't ask, don't tell"""
Armenia,ARM,2008,"""Don't ask, don't tell"""
Armenia,ARM,2009,"""Don't ask, don't tell"""
Armenia,ARM,2010,"""Don't ask, don't tell"""
Armenia,ARM,2011,"""Don't ask, don't tell"""
Armenia,ARM,2012,"""Don't ask, don't tell"""
Armenia,ARM,2013,"""Don't ask, don't tell"""
Armenia,ARM,2014,"""Don't ask, don't tell"""
Armenia,ARM,2015,"""Don't ask, don't tell"""
Armenia,ARM,2016,"""Don't ask, don't tell"""
Armenia,ARM,2017,"""Don't ask, don't tell"""
Armenia,ARM,2018,"""Don't ask, don't tell"""
Armenia,ARM,2019,"""Don't ask, don't tell"""
Armenia,ARM,2020,"""Don't ask, don't tell"""
Armenia,ARM,2021,"""Don't ask, don't tell"""
Armenia,ARM,2022,"""Don't ask, don't tell"""
Armenia,ARM,2023,"""Don't ask, don't tell"""
Armenia,ARM,2024,"""Don't ask, don't tell"""
Armenia,ARM,2025,"""Don't ask, don't tell"""
Australia,AUS,1992,"LGB permitted, transgender people banned"
Australia,AUS,1993,"LGB permitted, transgender people banned"
Australia,AUS,1994,"LGB permitted, transgender people banned"
Australia,AUS,1995,"LGB permitted, transgender people banned"
Australia,AUS,1996,"LGB permitted, transgender people banned"
Australia,AUS,1997,"LGB permitted, transgender people banned"
Australia,AUS,1998,"LGB permitted, transgender people banned"
Australia,AUS,1999,"LGB permitted, transgender people banned"
Australia,AUS,2000,"LGB permitted, transgender people banned"
Australia,AUS,2001,"LGB permitted, transgender people banned"
Australia,AUS,2002,"LGB permitted, transgender people banned"
Australia,AUS,2003,"LGB permitted, transgender people banned"
Australia,AUS,2004,"LGB permitted, transgender people banned"
Australia,AUS,2005,"LGB permitted, transgender people banned"
Australia,AUS,2006,"LGB permitted, transgender people banned"
Australia,AUS,2007,"LGB permitted, transgender people banned"
Australia,AUS,2008,"LGB permitted, transgender people banned"
Australia,AUS,2009,"LGB permitted, transgender people banned"
Australia,AUS,2010,Legal
Australia,AUS,2011,Legal
Australia,AUS,2012,Legal
Australia,AUS,2013,Legal
Australia,AUS,2014,Legal
Australia,AUS,2015,Legal
Australia,AUS,2016,Legal
Australia,AUS,2017,Legal
Australia,AUS,2018,Legal
Australia,AUS,2019,Legal
Australia,AUS,2020,Legal
Australia,AUS,2021,Legal
Australia,AUS,2022,Legal
Australia,AUS,2023,Legal
Australia,AUS,2024,Legal
Australia,AUS,2025,Legal
Austria,AUT,2025,Legal
Bahamas,BHS,1998,Legal
Bahamas,BHS,1999,Legal
Bahamas,BHS,2000,Legal
Bahamas,BHS,2001,Legal
Bahamas,BHS,2002,Legal
Bahamas,BHS,2003,Legal
Bahamas,BHS,2004,Legal
Bahamas,BHS,2005,Legal
Bahamas,BHS,2006,Legal
Bahamas,BHS,2007,Legal
Bahamas,BHS,2008,Legal
Bahamas,BHS,2009,Legal
Bahamas,BHS,2010,Legal
Bahamas,BHS,2011,Legal
Bahamas,BHS,2012,Legal
Bahamas,BHS,2013,Legal
Bahamas,BHS,2014,Legal
Bahamas,BHS,2015,Legal
Bahamas,BHS,2016,Legal
Bahamas,BHS,2017,Legal
Bahamas,BHS,2018,Legal
Bahamas,BHS,2019,Legal
Bahamas,BHS,2020,Legal
Bahamas,BHS,2021,Legal
Bahamas,BHS,2022,Legal
Bahamas,BHS,2023,Legal
Bahamas,BHS,2024,Legal
Bahamas,BHS,2025,Legal
Bangladesh,BGD,2025,Illegal
Barbados,BRB,2025,Illegal
Belarus,BLR,2025,"""Don't ask, don't tell"""
Belgium,BEL,2025,Legal
Belize,BLZ,2025,Ambiguous
Benin,BEN,2025,Ambiguous
Bolivia,BOL,2025,Legal
Bosnia and Herzegovina,BIH,2006,Legal
Bosnia and Herzegovina,BIH,2007,Legal
Bosnia and Herzegovina,BIH,2008,Legal
Bosnia and Herzegovina,BIH,2009,Legal
Bosnia and Herzegovina,BIH,2010,Legal
Bosnia and Herzegovina,BIH,2011,Legal
Bosnia and Herzegovina,BIH,2012,Legal
Bosnia and Herzegovina,BIH,2013,Legal
Bosnia and Herzegovina,BIH,2014,Legal
Bosnia and Herzegovina,BIH,2015,Legal
Bosnia and Herzegovina,BIH,2016,Legal
Bosnia and Herzegovina,BIH,2017,Legal
Bosnia and Herzegovina,BIH,2018,Legal
Bosnia and Herzegovina,BIH,2019,Legal
Bosnia and Herzegovina,BIH,2020,Legal
Bosnia and Herzegovina,BIH,2021,Legal
Bosnia and Herzegovina,BIH,2022,Legal
Bosnia and Herzegovina,BIH,2023,Legal
Bosnia and Herzegovina,BIH,2024,Legal
Bosnia and Herzegovina,BIH,2025,Legal
Brazil,BRA,1969,"""Don't ask, don't tell"""
Brazil,BRA,1970,"""Don't ask, don't tell"""
Brazil,BRA,1971,"""Don't ask, don't tell"""
Brazil,BRA,1972,"""Don't ask, don't tell"""
Brazil,BRA,1973,"""Don't ask, don't tell"""
Brazil,BRA,1974,"""Don't ask, don't tell"""
Brazil,BRA,1975,"""Don't ask, don't tell"""
Brazil,BRA,1976,"""Don't ask, don't tell"""
Brazil,BRA,1977,"""Don't ask, don't tell"""
Brazil,BRA,1978,"""Don't ask, don't tell"""
Brazil,BRA,1979,"""Don't ask, don't tell"""
Brazil,BRA,1980,"""Don't ask, don't tell"""
Brazil,BRA,1981,"""Don't ask, don't tell"""
Brazil,BRA,1982,"""Don't ask, don't tell"""
Brazil,BRA,1983,"""Don't ask, don't tell"""
Brazil,BRA,1984,"""Don't ask, don't tell"""
Brazil,BRA,1985,"""Don't ask, don't tell"""
Brazil,BRA,1986,"""Don't ask, don't tell"""
Brazil,BRA,1987,"""Don't ask, don't tell"""
Brazil,BRA,1988,"""Don't ask, don't tell"""
Brazil,BRA,1989,"""Don't ask, don't tell"""
Brazil,BRA,1990,"""Don't ask, don't tell"""
Brazil,BRA,1991,"""Don't ask, don't tell"""
Brazil,BRA,1992,"""Don't ask, don't tell"""
Brazil,BRA,1993,"""Don't ask, don't tell"""
Brazil,BRA,1994,"""Don't ask, don't tell"""
Brazil,BRA,1995,"""Don't ask, don't tell"""
Brazil,BRA,1996,"""Don't ask, don't tell"""
Brazil,BRA,1997,"""Don't ask, don't tell"""
Brazil,BRA,1998,"""Don't ask, don't tell"""
Brazil,BRA,1999,"""Don't ask, don't tell"""
Brazil,BRA,2000,"""Don't ask, don't tell"""
Brazil,BRA,2001,"""Don't ask, don't tell"""
Brazil,BRA,2002,"""Don't ask, don't tell"""
Brazil,BRA,2003,"""Don't ask, don't tell"""
Brazil,BRA,2004,"""Don't ask, don't tell"""
Brazil,BRA,2005,"""Don't ask, don't tell"""
Brazil,BRA,2006,"""Don't ask, don't tell"""
Brazil,BRA,2007,"""Don't ask, don't tell"""
Brazil,BRA,2008,"""Don't ask, don't tell"""
Brazil,BRA,2009,"""Don't ask, don't tell"""
Brazil,BRA,2010,"""Don't ask, don't tell"""
Brazil,BRA,2011,"""Don't ask, don't tell"""
Brazil,BRA,2012,"""Don't ask, don't tell"""
Brazil,BRA,2013,Legal
Brazil,BRA,2014,Legal
Brazil,BRA,2015,Legal
Brazil,BRA,2016,Legal
Brazil,BRA,2017,Legal
Brazil,BRA,2018,Legal
Brazil,BRA,2019,Legal
Brazil,BRA,2020,Legal
Brazil,BRA,2021,Legal
Brazil,BRA,2022,Legal
Brazil,BRA,2023,Legal
Brazil,BRA,2024,Legal
Brazil,BRA,2025,Legal
Brunei,BRN,2025,Illegal
Bulgaria,BGR,2004,"LGB permitted, transgender people banned"
Bulgaria,BGR,2005,"LGB permitted, transgender people banned"
Bulgaria,BGR,2006,"LGB permitted, transgender people banned"
Bulgaria,BGR,2007,"LGB permitted, transgender people banned"
Bulgaria,BGR,2008,"LGB permitted, transgender people banned"
Bulgaria,BGR,2009,"LGB permitted, transgender people banned"
Bulgaria,BGR,2010,"LGB permitted, transgender people banned"
Bulgaria,BGR,2011,"LGB permitted, transgender people banned"
Bulgaria,BGR,2012,"LGB permitted, transgender people banned"
Bulgaria,BGR,2013,"LGB permitted, transgender people banned"
Bulgaria,BGR,2014,"LGB permitted, transgender people banned"
Bulgaria,BGR,2015,"LGB permitted, transgender people banned"
Bulgaria,BGR,2016,"LGB permitted, transgender people banned"
Bulgaria,BGR,2017,"LGB permitted, transgender people banned"
Bulgaria,BGR,2018,"LGB permitted, transgender people banned"
Bulgaria,BGR,2019,"LGB permitted, transgender people banned"
Bulgaria,BGR,2020,"LGB permitted, transgender people banned"
Bulgaria,BGR,2021,"LGB permitted, transgender people banned"
Bulgaria,BGR,2022,"LGB permitted, transgender people banned"
Bulgaria,BGR,2023,"LGB permitted, transgender people banned"
Bulgaria,BGR,2024,"LGB permitted, transgender people banned"
Bulgaria,BGR,2025,"LGB permitted, transgender people banned"
Burkina Faso,BFA,2025,Ambiguous
Burundi,BDI,2025,Illegal
Cameroon,CMR,2025,Illegal
Canada,CAN,1992,Legal
Canada,CAN,1993,Legal
Canada,CAN,1994,Legal
Canada,CAN,1995,Legal
Canada,CAN,1996,Legal
Canada,CAN,1997,Legal
Canada,CAN,1998,Legal
Canada,CAN,1999,Legal
Canada,CAN,2000,Legal
Canada,CAN,2001,Legal
Canada,CAN,2002,Legal
Canada,CAN,2003,Legal
Canada,CAN,2004,Legal
Canada,CAN,2005,Legal
Canada,CAN,2006,Legal
Canada,CAN,2007,Legal
Canada,CAN,2008,Legal
Canada,CAN,2009,Legal
Canada,CAN,2010,Legal
Canada,CAN,2011,Legal
Canada,CAN,2012,Legal
Canada,CAN,2013,Legal
Canada,CAN,2014,Legal
Canada,CAN,2015,Legal
Canada,CAN,2016,Legal
Canada,CAN,2017,Legal
Canada,CAN,2018,Legal
Canada,CAN,2019,Legal
Canada,CAN,2020,Legal
Canada,CAN,2021,Legal
Canada,CAN,2022,Legal
Canada,CAN,2023,Legal
Canada,CAN,2024,Legal
Canada,CAN,2025,Legal
Central African Republic,CAF,2025,Illegal
Chad,TCD,2025,Illegal
Chile,CHL,2012,Legal
Chile,CHL,2013,Legal
Chile,CHL,2014,Legal
Chile,CHL,2015,Legal
Chile,CHL,2016,Legal
Chile,CHL,2017,Legal
Chile,CHL,2018,Legal
Chile,CHL,2019,Legal
Chile,CHL,2020,Legal
Chile,CHL,2021,Legal
Chile,CHL,2022,Legal
Chile,CHL,2023,Legal
Chile,CHL,2024,Legal
Chile,CHL,2025,Legal
China,CHN,1950,Ambiguous
China,CHN,1951,Ambiguous
China,CHN,1952,Ambiguous
China,CHN,1953,Ambiguous
China,CHN,1954,Ambiguous
China,CHN,1955,Ambiguous
China,CHN,1956,Ambiguous
China,CHN,1957,Ambiguous
China,CHN,1958,Ambiguous
China,CHN,1959,Ambiguous
China,CHN,1960,Ambiguous
China,CHN,1961,Ambiguous
China,CHN,1962,Ambiguous
China,CHN,1963,Ambiguous
China,CHN,1964,Ambiguous
China,CHN,1965,Ambiguous
China,CHN,1966,Ambiguous
China,CHN,1967,Ambiguous
China,CHN,1968,Ambiguous
China,CHN,1969,Ambiguous
China,CHN,1970,Ambiguous
China,CHN,1971,Ambiguous
China,CHN,1972,Ambiguous
China,CHN,1973,Ambiguous
China,CHN,1974,Ambiguous
China,CHN,1975,Ambiguous
China,CHN,1976,Ambiguous
China,CHN,1977,Ambiguous
China,CHN,1978,Ambiguous
China,CHN,1979,Ambiguous
China,CHN,1980,Ambiguous
China,CHN,1981,Ambiguous
China,CHN,1982,Ambiguous
China,CHN,1983,Ambiguous
China,CHN,1984,Ambiguous
China,CHN,1985,Ambiguous
China,CHN,1986,Ambiguous
China,CHN,1987,Ambiguous
China,CHN,1988,Ambiguous
China,CHN,1989,Ambiguous
China,CHN,1990,Ambiguous
China,CHN,1991,Ambiguous
China,CHN,1992,Ambiguous
China,CHN,1993,Ambiguous
China,CHN,1994,Ambiguous
China,CHN,1995,Ambiguous
China,CHN,1996,Ambiguous
China,CHN,1997,Ambiguous
China,CHN,1998,Ambiguous
China,CHN,1999,Ambiguous
China,CHN,2000,Ambiguous
China,CHN,2001,Ambiguous
China,CHN,2002,Ambiguous
China,CHN,2003,Ambiguous
China,CHN,2004,Ambiguous
China,CHN,2005,Ambiguous
China,CHN,2006,Ambiguous
China,CHN,2007,Ambiguous
China,CHN,2008,Ambiguous
China,CHN,2009,Ambiguous
China,CHN,2010,Ambiguous
China,CHN,2011,Ambiguous
China,CHN,2012,Ambiguous
China,CHN,2013,Ambiguous
China,CHN,2014,Ambiguous
China,CHN,2015,Ambiguous
China,CHN,2016,Ambiguous
China,CHN,2017,Ambiguous
China,CHN,2018,Ambiguous
China,CHN,2019,Ambiguous
China,CHN,2020,Ambiguous
China,CHN,2021,Ambiguous
China,CHN,2022,Ambiguous
China,CHN,2023,Ambiguous
China,CHN,2024,Ambiguous
China,CHN,2025,Ambiguous
Colombia,COL,2025,Legal
Comoros,COM,2025,Illegal
Congo,COG,2025,Legal
Cote d'Ivoire,CIV,2025,"""Don't ask, don't tell"""
Croatia,HRV,2013,Legal
Croatia,HRV,2014,Legal
Croatia,HRV,2015,Legal
Croatia,HRV,2016,Legal
Croatia,HRV,2017,Legal
Croatia,HRV,2018,Legal
Croatia,HRV,2019,Legal
Croatia,HRV,2020,Legal
Croatia,HRV,2021,Legal
Croatia,HRV,2022,Legal
Croatia,HRV,2023,Legal
Croatia,HRV,2024,Legal
Croatia,HRV,2025,Legal
Cuba,CUB,1993,Legal
Cuba,CUB,1994,Legal
Cuba,CUB,1995,Legal
Cuba,CUB,1996,Legal
Cuba,CUB,1997,Legal
Cuba,CUB,1998,Legal
Cuba,CUB,1999,Legal
Cuba,CUB,2000,Legal
Cuba,CUB,2001,Legal
Cuba,CUB,2002,Legal
Cuba,CUB,2003,Legal
Cuba,CUB,2004,Legal
Cuba,CUB,2005,Legal
Cuba,CUB,2006,Legal
Cuba,CUB,2007,Legal
Cuba,CUB,2008,Legal
Cuba,CUB,2009,Legal
Cuba,CUB,2010,Legal
Cuba,CUB,2011,Legal
Cuba,CUB,2012,Legal
Cuba,CUB,2013,Legal
Cuba,CUB,2014,Legal
Cuba,CUB,2015,Legal
Cuba,CUB,2016,Legal
Cuba,CUB,2017,Legal
Cuba,CUB,2018,Legal
Cuba,CUB,2019,Legal
Cuba,CUB,2020,Legal
Cuba,CUB,2021,Legal
Cuba,CUB,2022,Legal
Cuba,CUB,2023,Legal
Cuba,CUB,2024,Legal
Cuba,CUB,2025,Legal
Cyprus,CYP,2004,Legal
Cyprus,CYP,2005,Legal
Cyprus,CYP,2006,Legal
Cyprus,CYP,2007,Legal
Cyprus,CYP,2008,Legal
Cyprus,CYP,2009,Legal
Cyprus,CYP,2010,Legal
Cyprus,CYP,2011,Legal
Cyprus,CYP,2012,Legal
Cyprus,CYP,2013,Legal
Cyprus,CYP,2014,Legal
Cyprus,CYP,2015,Legal
Cyprus,CYP,2016,Legal
Cyprus,CYP,2017,Legal
Cyprus,CYP,2018,Legal
Cyprus,CYP,2019,Legal
Cyprus,CYP,2020,Legal
Cyprus,CYP,2021,Legal
Cyprus,CYP,2022,Legal
Cyprus,CYP,2023,Legal
Cyprus,CYP,2024,Legal
Cyprus,CYP,2025,Legal
Czechia,CZE,2025,Legal
Democratic Republic of Congo,COD,2025,Illegal
Denmark,DNK,1978,Legal
Denmark,DNK,1979,Legal
Denmark,DNK,1980,Legal
Denmark,DNK,1981,Legal
Denmark,DNK,1982,Legal
Denmark,DNK,1983,Legal
Denmark,DNK,1984,Legal
Denmark,DNK,1985,Legal
Denmark,DNK,1986,Legal
Denmark,DNK,1987,Legal
Denmark,DNK,1988,Legal
Denmark,DNK,1989,Legal
Denmark,DNK,1990,Legal
Denmark,DNK,1991,Legal
Denmark,DNK,1992,Legal
Denmark,DNK,1993,Legal
Denmark,DNK,1994,Legal
Denmark,DNK,1995,Legal
Denmark,DNK,1996,Legal
Denmark,DNK,1997,Legal
Denmark,DNK,1998,Legal
Denmark,DNK,1999,Legal
Denmark,DNK,2000,Legal
Denmark,DNK,2001,Legal
Denmark,DNK,2002,Legal
Denmark,DNK,2003,Legal
Denmark,DNK,2004,Legal
Denmark,DNK,2005,Legal
Denmark,DNK,2006,Legal
Denmark,DNK,2007,Legal
Denmark,DNK,2008,Legal
Denmark,DNK,2009,Legal
Denmark,DNK,2010,Legal
Denmark,DNK,2011,Legal
Denmark,DNK,2012,Legal
Denmark,DNK,2013,Legal
Denmark,DNK,2014,Legal
Denmark,DNK,2015,Legal
Denmark,DNK,2016,Legal
Denmark,DNK,2017,Legal
Denmark,DNK,2018,Legal
Denmark,DNK,2019,Legal
Denmark,DNK,2020,Legal
Denmark,DNK,2021,Legal
Denmark,DNK,2022,Legal
Denmark,DNK,2023,Legal
Denmark,DNK,2024,Legal
Denmark,DNK,2025,Legal
Dominican Republic,DOM,2025,Illegal
East Timor,TLS,2025,Legal
Egypt,EGY,2025,Illegal
El Salvador,SLV,2018,"LGB permitted, transgender people banned"
El Salvador,SLV,2019,"LGB permitted, transgender people banned"
El Salvador,SLV,2020,"LGB permitted, transgender people banned"
El Salvador,SLV,2021,"LGB permitted, transgender people banned"
El Salvador,SLV,2022,"LGB permitted, transgender people banned"
El Salvador,SLV,2023,"LGB permitted, transgender people banned"
El Salvador,SLV,2024,"LGB permitted, transgender people banned"
El Salvador,SLV,2025,"LGB permitted, transgender people banned"
Equatorial Guinea,GNQ,1950,Illegal
Equatorial Guinea,GNQ,1951,Illegal
Equatorial Guinea,GNQ,1952,Illegal
Equatorial Guinea,GNQ,1953,Illegal
Equatorial Guinea,GNQ,1954,Illegal
Equatorial Guinea,GNQ,1955,Illegal
Equatorial Guinea,GNQ,1956,Illegal
Equatorial Guinea,GNQ,1957,Illegal
Equatorial Guinea,GNQ,1958,Illegal
Equatorial Guinea,GNQ,1959,Illegal
Equatorial Guinea,GNQ,1960,Illegal
Equatorial Guinea,GNQ,1961,Illegal
Equatorial Guinea,GNQ,1962,Illegal
Equatorial Guinea,GNQ,1963,Illegal
Equatorial Guinea,GNQ,1964,Illegal
Equatorial Guinea,GNQ,1965,Illegal
Equatorial Guinea,GNQ,1966,Illegal
Equatorial Guinea,GNQ,1967,Illegal
Equatorial Guinea,GNQ,1968,Illegal
Equatorial Guinea,GNQ,1969,Illegal
Equatorial Guinea,GNQ,1970,Illegal
Equatorial Guinea,GNQ,1971,Illegal
Equatorial Guinea,GNQ,1972,Illegal
Equatorial Guinea,GNQ,1973,Illegal
Equatorial Guinea,GNQ,1974,Illegal
Equatorial Guinea,GNQ,1975,Illegal
Equatorial Guinea,GNQ,1976,Illegal
Equatorial Guinea,GNQ,1977,Illegal
Equatorial Guinea,GNQ,1978,Illegal
Equatorial Guinea,GNQ,1979,Illegal
Equatorial Guinea,GNQ,1980,Illegal
Equatorial Guinea,GNQ,1981,Illegal
Equatorial Guinea,GNQ,1982,Illegal
Equatorial Guinea,GNQ,1983,Illegal
Equatorial Guinea,GNQ,1984,Illegal
Equatorial Guinea,GNQ,1985,Illegal
Equatorial Guinea,GNQ,1986,Illegal
Equatorial Guinea,GNQ,1987,Illegal
Equatorial Guinea,GNQ,1988,Illegal
Equatorial Guinea,GNQ,1989,Illegal
Equatorial Guinea,GNQ,1990,Illegal
Equatorial Guinea,GNQ,1991,Illegal
Equatorial Guinea,GNQ,1992,Illegal
Equatorial Guinea,GNQ,1993,Illegal
Equatorial Guinea,GNQ,1994,Illegal
Equatorial Guinea,GNQ,1995,Illegal
Equatorial Guinea,GNQ,1996,Illegal
Equatorial Guinea,GNQ,1997,Illegal
Equatorial Guinea,GNQ,1998,Illegal
Equatorial Guinea,GNQ,1999,Illegal
Equatorial Guinea,GNQ,2000,Illegal
Equatorial Guinea,GNQ,2001,Illegal
Equatorial Guinea,GNQ,2002,Illegal
Equatorial Guinea,GNQ,2003,Illegal
Equatorial Guinea,GNQ,2004,Illegal
Equatorial Guinea,GNQ,2005,Illegal
Equatorial Guinea,GNQ,2006,Illegal
Equatorial Guinea,GNQ,2007,Illegal
Equatorial Guinea,GNQ,2008,Illegal
Equatorial Guinea,GNQ,2009,Illegal
Equatorial Guinea,GNQ,2010,Illegal
Equatorial Guinea,GNQ,2011,Illegal
Equatorial Guinea,GNQ,2012,Illegal
Equatorial Guinea,GNQ,2013,Illegal
Equatorial Guinea,GNQ,2014,Illegal
Equatorial Guinea,GNQ,2015,Illegal
Equatorial Guinea,GNQ,2016,Illegal
Equatorial Guinea,GNQ,2017,Illegal
Equatorial Guinea,GNQ,2018,Illegal
Equatorial Guinea,GNQ,2019,Illegal
Equatorial Guinea,GNQ,2020,Illegal
Equatorial Guinea,GNQ,2021,Illegal
Equatorial Guinea,GNQ,2022,Illegal
Equatorial Guinea,GNQ,2023,Illegal
Equatorial Guinea,GNQ,2024,Illegal
Equatorial Guinea,GNQ,2025,Illegal
Eritrea,ERI,1957,Illegal
Eritrea,ERI,1958,Illegal
Eritrea,ERI,1959,Illegal
Eritrea,ERI,1960,Illegal
Eritrea,ERI,1961,Illegal
Eritrea,ERI,1962,Illegal
Eritrea,ERI,1963,Illegal
Eritrea,ERI,1964,Illegal
Eritrea,ERI,1965,Illegal
Eritrea,ERI,1966,Illegal
Eritrea,ERI,1967,Illegal
Eritrea,ERI,1968,Illegal
Eritrea,ERI,1969,Illegal
Eritrea,ERI,1970,Illegal
Eritrea,ERI,1971,Illegal
Eritrea,ERI,1972,Illegal
Eritrea,ERI,1973,Illegal
Eritrea,ERI,1974,Illegal
Eritrea,ERI,1975,Illegal
Eritrea,ERI,1976,Illegal
Eritrea,ERI,1977,Illegal
Eritrea,ERI,1978,Illegal
Eritrea,ERI,1979,Illegal
Eritrea,ERI,1980,Illegal
Eritrea,ERI,1981,Illegal
Eritrea,ERI,1982,Illegal
Eritrea,ERI,1983,Illegal
Eritrea,ERI,1984,Illegal
Eritrea,ERI,1985,Illegal
Eritrea,ERI,1986,Illegal
Eritrea,ERI,1987,Illegal
Eritrea,ERI,1988,Illegal
Eritrea,ERI,1989,Illegal
Eritrea,ERI,1990,Illegal
Eritrea,ERI,1991,Illegal
Eritrea,ERI,1992,Illegal
Eritrea,ERI,1993,Illegal
Eritrea,ERI,1994,Illegal
Eritrea,ERI,1995,Illegal
Eritrea,ERI,1996,Illegal
Eritrea,ERI,1997,Illegal
Eritrea,ERI,1998,Illegal
Eritrea,ERI,1999,Illegal
Eritrea,ERI,2000,Illegal
Eritrea,ERI,2001,Illegal
Eritrea,ERI,2002,Illegal
Eritrea,ERI,2003,Illegal
Eritrea,ERI,2004,Illegal
Eritrea,ERI,2005,Illegal
Eritrea,ERI,2006,Illegal
Eritrea,ERI,2007,Illegal
Eritrea,ERI,2008,Illegal
Eritrea,ERI,2009,Illegal
Eritrea,ERI,2010,Illegal
Eritrea,ERI,2011,Illegal
Eritrea,ERI,2012,Illegal
Eritrea,ERI,2013,Illegal
Eritrea,ERI,2014,Illegal
Eritrea,ERI,2015,Illegal
Eritrea,ERI,2016,Illegal
Eritrea,ERI,2017,Illegal
Eritrea,ERI,2018,Illegal
Eritrea,ERI,2019,Illegal
Eritrea,ERI,2020,Illegal
Eritrea,ERI,2021,Illegal
Eritrea,ERI,2022,Illegal
Eritrea,ERI,2023,Illegal
Eritrea,ERI,2024,Illegal
Eritrea,ERI,2025,Illegal
Estonia,EST,2025,Legal
Eswatini,SWZ,2025,Ambiguous
Ethiopia,ETH,2025,Illegal
Fiji,FJI,2025,Legal
Finland,FIN,2025,Legal
France,FRA,2025,Legal
Gabon,GAB,2020,"LGB permitted, transgender people banned"
Gabon,GAB,2021,"LGB permitted, transgender people banned"
Gabon,GAB,2022,"LGB permitted, transgender people banned"
Gabon,GAB,2023,"LGB permitted, transgender people banned"
Gabon,GAB,2024,"LGB permitted, transgender people banned"
Gabon,GAB,2025,"LGB permitted, transgender people banned"
Gambia,GMB,2025,Illegal
Georgia,GEO,2025,"LGB permitted, transgender people banned"
Germany,DEU,2000,Legal
Germany,DEU,2001,Legal
Germany,DEU,2002,Legal
Germany,DEU,2003,Legal
Germany,DEU,2004,Legal
Germany,DEU,2005,Legal
Germany,DEU,2006,Legal
Germany,DEU,2007,Legal
Germany,DEU,2008,Legal
Germany,DEU,2009,Legal
Germany,DEU,2010,Legal
Germany,DEU,2011,Legal
Germany,DEU,2012,Legal
Germany,DEU,2013,Legal
Germany,DEU,2014,Legal
Germany,DEU,2015,Legal
Germany,DEU,2016,Legal
Germany,DEU,2017,Legal
Germany,DEU,2018,Legal
Germany,DEU,2019,Legal
Germany,DEU,2020,Legal
Germany,DEU,2021,Legal
Germany,DEU,2022,Legal
Germany,DEU,2023,Legal
Germany,DEU,2024,Legal
Germany,DEU,2025,Legal
Ghana,GHA,2025,Illegal
Greece,GRC,2002,Illegal
Greece,GRC,2003,Illegal
Greece,GRC,2004,Illegal
Greece,GRC,2005,"LGB permitted, transgender people banned"
Greece,GRC,2006,"LGB permitted, transgender people banned"
Greece,GRC,2007,"LGB permitted, transgender people banned"
Greece,GRC,2008,"LGB permitted, transgender people banned"
Greece,GRC,2009,"LGB permitted, transgender people banned"
Greece,GRC,2010,"LGB permitted, transgender people banned"
Greece,GRC,2011,"LGB permitted, transgender people banned"
Greece,GRC,2012,"LGB permitted, transgender people banned"
Greece,GRC,2013,"LGB permitted, transgender people banned"
Greece,GRC,2014,"LGB permitted, transgender people banned"
Greece,GRC,2015,"LGB permitted, transgender people banned"
Greece,GRC,2016,"LGB permitted, transgender people banned"
Greece,GRC,2017,"LGB permitted, transgender people banned"
Greece,GRC,2018,"LGB permitted, transgender people banned"
Greece,GRC,2019,"LGB permitted, transgender people banned"
Greece,GRC,2020,"LGB permitted, transgender people banned"
Greece,GRC,2021,"LGB permitted, transgender people banned"
Greece,GRC,2022,"LGB permitted, transgender people banned"
Greece,GRC,2023,"LGB permitted, transgender people banned"
Greece,GRC,2024,"LGB permitted, transgender people banned"
Greece,GRC,2025,"LGB permitted, transgender people banned"
Guatemala,GTM,2025,"LGB permitted, transgender people banned"
Guinea,GIN,2025,Illegal
Guinea-Bissau,GNB,2025,"LGB permitted, transgender people banned"
Guyana,GUY,2021,Illegal
Guyana,GUY,2022,Illegal
Guyana,GUY,2023,Illegal
Guyana,GUY,2024,Illegal
Guyana,GUY,2025,Illegal
Haiti,HTI,2017,Legal
Haiti,HTI,2018,Legal
Haiti,HTI,2019,Legal
Haiti,HTI,2020,Legal
Haiti,HTI,2021,Legal
Haiti,HTI,2022,Legal
Haiti,HTI,2023,Legal
Haiti,HTI,2024,Legal
Haiti,HTI,2025,Legal
Honduras,HND,2025,"LGB permitted, transgender people banned"
Hungary,HUN,2025,Legal
India,IND,2025,Illegal
Indonesia,IDN,2025,Illegal
Iran,IRN,2025,Illegal
Iraq,IRQ,2007,Illegal
Iraq,IRQ,2008,Illegal
Iraq,IRQ,2009,Illegal
Iraq,IRQ,2010,Illegal
Iraq,IRQ,2011,Illegal
Iraq,IRQ,2012,Illegal
Iraq,IRQ,2013,Illegal
Iraq,IRQ,2014,Illegal
Iraq,IRQ,2015,Illegal
Iraq,IRQ,2016,Illegal
Iraq,IRQ,2017,Illegal
Iraq,IRQ,2018,Illegal
Iraq,IRQ,2019,Illegal
Iraq,IRQ,2020,Illegal
Iraq,IRQ,2021,Illegal
Iraq,IRQ,2022,Illegal
Iraq,IRQ,2023,Illegal
Iraq,IRQ,2024,Illegal
Iraq,IRQ,2025,Illegal
Ireland,IRL,1950,Illegal
Ireland,IRL,1951,Illegal
Ireland,IRL,1952,Illegal
Ireland,IRL,1953,Illegal
Ireland,IRL,1954,Illegal
Ireland,IRL,1955,Illegal
Ireland,IRL,1956,Illegal
Ireland,IRL,1957,Illegal
Ireland,IRL,1958,Illegal
Ireland,IRL,1959,Illegal
Ireland,IRL,1960,Illegal
Ireland,IRL,1961,Illegal
Ireland,IRL,1962,Illegal
Ireland,IRL,1963,Illegal
Ireland,IRL,1964,Illegal
Ireland,IRL,1965,Illegal
Ireland,IRL,1966,Illegal
Ireland,IRL,1967,Illegal
Ireland,IRL,1968,Illegal
Ireland,IRL,1969,Illegal
Ireland,IRL,1970,Illegal
Ireland,IRL,1971,Illegal
Ireland,IRL,1972,Illegal
Ireland,IRL,1973,Illegal
Ireland,IRL,1974,Illegal
Ireland,IRL,1975,Illegal
Ireland,IRL,1976,Illegal
Ireland,IRL,1977,Illegal
Ireland,IRL,1978,Illegal
Ireland,IRL,1979,Illegal
Ireland,IRL,1980,Illegal
Ireland,IRL,1981,Illegal
Ireland,IRL,1982,Illegal
Ireland,IRL,1983,Illegal
Ireland,IRL,1984,Illegal
Ireland,IRL,1985,Illegal
Ireland,IRL,1986,Illegal
Ireland,IRL,1987,Illegal
Ireland,IRL,1988,Illegal
Ireland,IRL,1989,Illegal
Ireland,IRL,1990,Illegal
Ireland,IRL,1991,Illegal
Ireland,IRL,1992,Illegal
Ireland,IRL,2007,Legal
Ireland,IRL,2008,Legal
Ireland,IRL,2009,Legal
Ireland,IRL,2010,Legal
Ireland,IRL,2011,Legal
Ireland,IRL,2012,Legal
Ireland,IRL,2013,Legal
Ireland,IRL,2014,Legal
Ireland,IRL,2015,Legal
Ireland,IRL,2016,Legal
Ireland,IRL,2017,Legal
Ireland,IRL,2018,Legal
Ireland,IRL,2019,Legal
Ireland,IRL,2020,Legal
Ireland,IRL,2021,Legal
Ireland,IRL,2022,Legal
Ireland,IRL,2023,Legal
Ireland,IRL,2024,Legal
Ireland,IRL,2025,Legal
Israel,ISR,1992,Legal
Israel,ISR,1993,Legal
Israel,ISR,1994,Legal
Israel,ISR,1995,Legal
Israel,ISR,1996,Legal
Israel,ISR,1997,Legal
Israel,ISR,1998,Legal
Israel,ISR,1999,Legal
Israel,ISR,2000,Legal
Israel,ISR,2001,Legal
Israel,ISR,2002,Legal
Israel,ISR,2003,Legal
Israel,ISR,2004,Legal
Israel,ISR,2005,Legal
Israel,ISR,2006,Legal
Israel,ISR,2007,Legal
Israel,ISR,2008,Legal
Israel,ISR,2009,Legal
Israel,ISR,2010,Legal
Israel,ISR,2011,Legal
Israel,ISR,2012,Legal
Israel,ISR,2013,Legal
Israel,ISR,2014,Legal
Israel,ISR,2015,Legal
Israel,ISR,2016,Legal
Israel,ISR,2017,Legal
Israel,ISR,2018,Legal
Israel,ISR,2019,Legal
Israel,ISR,2020,Legal
Israel,ISR,2021,Legal
Israel,ISR,2022,Legal
Israel,ISR,2023,Legal
Israel,ISR,2024,Legal
Israel,ISR,2025,Legal
Italy,ITA,1964,Illegal
Italy,ITA,1965,Illegal
Italy,ITA,1966,Illegal
Italy,ITA,1967,Illegal
Italy,ITA,1968,Illegal
Italy,ITA,1969,Illegal
Italy,ITA,1970,Illegal
Italy,ITA,1971,Illegal
Italy,ITA,1972,Illegal
Italy,ITA,1973,Illegal
Italy,ITA,1974,Illegal
Italy,ITA,1975,Illegal
Italy,ITA,1976,Illegal
Italy,ITA,1977,Illegal
Italy,ITA,1978,Illegal
Italy,ITA,1979,Illegal
Italy,ITA,1980,Illegal
Italy,ITA,1981,Illegal
Italy,ITA,1982,Illegal
Italy,ITA,1983,Illegal
Italy,ITA,1984,Illegal
Italy,ITA,1986,"LGB permitted, transgender people banned"
Italy,ITA,1987,"LGB permitted, transgender people banned"
Italy,ITA,1988,"LGB permitted, transgender people banned"
Italy,ITA,1989,"LGB permitted, transgender people banned"
Italy,ITA,1990,"LGB permitted, transgender people banned"
Italy,ITA,1991,"LGB permitted, transgender people banned"
Italy,ITA,1992,"LGB permitted, transgender people banned"
Italy,ITA,1993,"LGB permitted, transgender people banned"
Italy,ITA,1994,"LGB permitted, transgender people banned"
Italy,ITA,1995,"LGB permitted, transgender people banned"
Italy,ITA,1996,"LGB permitted, transgender people banned"
Italy,ITA,1997,"LGB permitted, transgender people banned"
Italy,ITA,1998,"LGB permitted, transgender people banned"
Italy,ITA,1999,"LGB permitted, transgender people banned"
Italy,ITA,2000,"LGB permitted, transgender people banned"
Italy,ITA,2001,"LGB permitted, transgender people banned"
Italy,ITA,2002,"LGB permitted, transgender people banned"
Italy,ITA,2003,"LGB permitted, transgender people banned"
Italy,ITA,2004,"LGB permitted, transgender people banned"
Italy,ITA,2005,"LGB permitted, transgender people banned"
Italy,ITA,2006,"LGB permitted, transgender people banned"
Italy,ITA,2007,"LGB permitted, transgender people banned"
Italy,ITA,2008,"LGB permitted, transgender people banned"
Italy,ITA,2009,"LGB permitted, transgender people banned"
Italy,ITA,2010,"LGB permitted, transgender people banned"
Italy,ITA,2011,"LGB permitted, transgender people banned"
Italy,ITA,2012,"LGB permitted, transgender people banned"
Italy,ITA,2013,"LGB permitted, transgender people banned"
Italy,ITA,2014,"LGB permitted, transgender people banned"
Italy,ITA,2015,"LGB permitted, transgender people banned"
Italy,ITA,2016,"LGB permitted, transgender people banned"
Italy,ITA,2017,"LGB permitted, transgender people banned"
Italy,ITA,2018,"LGB permitted, transgender people banned"
Italy,ITA,2019,"LGB permitted, transgender people banned"
Italy,ITA,2020,"LGB permitted, transgender people banned"
Italy,ITA,2021,"LGB permitted, transgender people banned"
Italy,ITA,2022,"LGB permitted, transgender people banned"
Italy,ITA,2023,"LGB permitted, transgender people banned"
Italy,ITA,2024,"LGB permitted, transgender people banned"
Italy,ITA,2025,"LGB permitted, transgender people banned"
Japan,JPN,1950,Legal
Japan,JPN,1951,Legal
Japan,JPN,1952,Legal
Japan,JPN,1953,Legal
Japan,JPN,1954,Legal
Japan,JPN,1955,Legal
Japan,JPN,1956,Legal
Japan,JPN,1957,Legal
Japan,JPN,1958,Legal
Japan,JPN,1959,Legal
Japan,JPN,1960,Legal
Japan,JPN,1961,Legal
Japan,JPN,1962,Legal
Japan,JPN,1963,Legal
Japan,JPN,1964,Legal
Japan,JPN,1965,Legal
Japan,JPN,1966,Legal
Japan,JPN,1967,Legal
Japan,JPN,1968,Legal
Japan,JPN,1969,Legal
Japan,JPN,1970,Legal
Japan,JPN,1971,Legal
Japan,JPN,1972,Legal
Japan,JPN,1973,Legal
Japan,JPN,1974,Legal
Japan,JPN,1975,Legal
Japan,JPN,1976,Legal
Japan,JPN,1977,Legal
Japan,JPN,1978,Legal
Japan,JPN,1979,Legal
Japan,JPN,1980,Legal
Japan,JPN,1981,Legal
Japan,JPN,1982,Legal
Japan,JPN,1983,Legal
Japan,JPN,1984,Legal
Japan,JPN,1985,Legal
Japan,JPN,1986,Legal
Japan,JPN,1987,Legal
Japan,JPN,1988,Legal
Japan,JPN,1989,Legal
Japan,JPN,1990,Legal
Japan,JPN,1991,Legal
Japan,JPN,1992,Legal
Japan,JPN,1993,Legal
Japan,JPN,1994,Legal
Japan,JPN,1995,Legal
Japan,JPN,1996,Legal
Japan,JPN,1997,Legal
Japan,JPN,1998,Legal
Japan,JPN,1999,Legal
Japan,JPN,2000,Legal
Japan,JPN,2001,Legal
Japan,JPN,2002,Legal
Japan,JPN,2003,Legal
Japan,JPN,2004,Legal
Japan,JPN,2005,Legal
Japan,JPN,2006,Legal
Japan,JPN,2007,Legal
Japan,JPN,2008,Legal
Japan,JPN,2009,Legal
Japan,JPN,2010,Legal
Japan,JPN,2011,Legal
Japan,JPN,2012,Legal
Japan,JPN,2013,Legal
Japan,JPN,2014,Legal
Japan,JPN,2015,Legal
Japan,JPN,2016,Legal
Japan,JPN,2017,Legal
Japan,JPN,2018,Legal
Japan,JPN,2019,Legal
Japan,JPN,2020,Legal
Japan,JPN,2021,Legal
Japan,JPN,2022,Legal
Japan,JPN,2023,Legal
Japan,JPN,2024,Legal
Japan,JPN,2025,Legal
Jordan,JOR,2025,"""Don't ask, don't tell"""
Kazakhstan,KAZ,2022,Legal
Kazakhstan,KAZ,2023,Legal
Kazakhstan,KAZ,2024,Legal
Kazakhstan,KAZ,2025,Legal
Kenya,KEN,1950,Illegal
Kenya,KEN,1951,Illegal
Kenya,KEN,1952,Illegal
Kenya,KEN,1953,Illegal
Kenya,KEN,1954,Illegal
Kenya,KEN,1955,Illegal
Kenya,KEN,1956,Illegal
Kenya,KEN,1957,Illegal
Kenya,KEN,1958,Illegal
Kenya,KEN,1959,Illegal
Kenya,KEN,1960,Illegal
Kenya,KEN,1961,Illegal
Kenya,KEN,1962,Illegal
Kenya,KEN,1963,Illegal
Kenya,KEN,1964,Illegal
Kenya,KEN,1965,Illegal
Kenya,KEN,1966,Illegal
Kenya,KEN,1967,Illegal
Kenya,KEN,1968,Illegal
Kenya,KEN,1969,Illegal
Kenya,KEN,1970,Illegal
Kenya,KEN,1971,Illegal
Kenya,KEN,1972,Illegal
Kenya,KEN,1973,Illegal
Kenya,KEN,1974,Illegal
Kenya,KEN,1975,Illegal
Kenya,KEN,1976,Illegal
Kenya,KEN,1977,Illegal
Kenya,KEN,1978,Illegal
Kenya,KEN,1979,Illegal
Kenya,KEN,1980,Illegal
Kenya,KEN,1981,Illegal
Kenya,KEN,1982,Illegal
Kenya,KEN,1983,Illegal
Kenya,KEN,1984,Illegal
Kenya,KEN,1985,Illegal
Kenya,KEN,1986,Illegal
Kenya,KEN,1987,Illegal
Kenya,KEN,1988,Illegal
Kenya,KEN,1989,Illegal
Kenya,KEN,1990,Illegal
Kenya,KEN,1991,Illegal
Kenya,KEN,1992,Illegal
Kenya,KEN,1993,Illegal
Kenya,KEN,1994,Illegal
Kenya,KEN,1995,Illegal
Kenya,KEN,1996,Illegal
Kenya,KEN,1997,Illegal
Kenya,KEN,1998,Illegal
Kenya,KEN,1999,Illegal
Kenya,KEN,2000,Illegal
Kenya,KEN,2001,Illegal
Kenya,KEN,2002,Illegal
Kenya,KEN,2003,Illegal
Kenya,KEN,2004,Illegal
Kenya,KEN,2005,Illegal
Kenya,KEN,2006,Illegal
Kenya,KEN,2007,Illegal
Kenya,KEN,2008,Illegal
Kenya,KEN,2009,Illegal
Kenya,KEN,2010,Illegal
Kenya,KEN,2011,Illegal
Kenya,KEN,2012,Illegal
Kenya,KEN,2013,Illegal
Kenya,KEN,2014,Illegal
Kenya,KEN,2015,Illegal
Kenya,KEN,2016,Illegal
Kenya,KEN,2017,Illegal
Kenya,KEN,2018,Illegal
Kenya,KEN,2019,Illegal
Kenya,KEN,2020,Illegal
Kenya,KEN,2021,Illegal
Kenya,KEN,2022,Illegal
Kenya,KEN,2023,Illegal
Kenya,KEN,2024,Illegal
Kenya,KEN,2025,Illegal
Kuwait,KWT,2025,Illegal
Kyrgyzstan,KGZ,1991,"""Don't ask, don't tell"""
Kyrgyzstan,KGZ,1992,"""Don't ask, don't tell"""
Kyrgyzstan,KGZ,1993,"""Don't ask, don't tell"""
Kyrgyzstan,KGZ,1994,"""Don't ask, don't tell"""
Kyrgyzstan,KGZ,1995,"""Don't ask, don't tell"""
Kyrgyzstan,KGZ,1996,"""Don't ask, don't tell"""
Kyrgyzstan,KGZ,1997,"""Don't ask, don't tell"""
Kyrgyzstan,KGZ,1998,"""Don't ask, don't tell"""
Kyrgyzstan,KGZ,1999,"""Don't ask, don't tell"""
Kyrgyzstan,KGZ,2000,"""Don't ask, don't tell"""
Kyrgyzstan,KGZ,2001,"""Don't ask, don't tell"""
Kyrgyzstan,KGZ,2002,"""Don't ask, don't tell"""
Kyrgyzstan,KGZ,2003,"""Don't ask, don't tell"""
Kyrgyzstan,KGZ,2004,"""Don't ask, don't tell"""
Kyrgyzstan,KGZ,2005,"""Don't ask, don't tell"""
Kyrgyzstan,KGZ,2006,"""Don't ask, don't tell"""
Kyrgyzstan,KGZ,2007,"""Don't ask, don't tell"""
Kyrgyzstan,KGZ,2008,"""Don't ask, don't tell"""
Kyrgyzstan,KGZ,2009,"""Don't ask, don't tell"""
Kyrgyzstan,KGZ,2010,"""Don't ask, don't tell"""
Kyrgyzstan,KGZ,2011,"""Don't ask, don't tell"""
Kyrgyzstan,KGZ,2012,"""Don't ask, don't tell"""
Kyrgyzstan,KGZ,2013,"""Don't ask, don't tell"""
Kyrgyzstan,KGZ,2014,"""Don't ask, don't tell"""
Kyrgyzstan,KGZ,2015,"""Don't ask, don't tell"""
Kyrgyzstan,KGZ,2016,"""Don't ask, don't tell"""
Kyrgyzstan,KGZ,2017,"""Don't ask, don't tell"""
Kyrgyzstan,KGZ,2018,"""Don't ask, don't tell"""
Kyrgyzstan,KGZ,2019,"""Don't ask, don't tell"""
Kyrgyzstan,KGZ,2020,"""Don't ask, don't tell"""
Kyrgyzstan,KGZ,2021,"""Don't ask, don't tell"""
Kyrgyzstan,KGZ,2022,"""Don't ask, don't tell"""
Kyrgyzstan,KGZ,2023,"""Don't ask, don't tell"""
Kyrgyzstan,KGZ,2024,"""Don't ask, don't tell"""
Kyrgyzstan,KGZ,2025,"""Don't ask, don't tell"""
Laos,LAO,2012,Ambiguous
Laos,LAO,2013,Ambiguous
Laos,LAO,2014,Ambiguous
Laos,LAO,2015,Ambiguous
Laos,LAO,2016,Ambiguous
Laos,LAO,2017,Ambiguous
Laos,LAO,2018,Ambiguous
Laos,LAO,2019,Ambiguous
Laos,LAO,2020,Ambiguous
Laos,LAO,2021,Ambiguous
Laos,LAO,2022,Ambiguous
Laos,LAO,2023,Ambiguous
Laos,LAO,2024,Ambiguous
Laos,LAO,2025,Ambiguous
Latvia,LVA,2025,"LGB permitted, transgender people banned"
Lebanon,LBN,2019,"""Don't ask, don't tell"""
Lebanon,LBN,2020,"""Don't ask, don't tell"""
Lebanon,LBN,2021,"""Don't ask, don't tell"""
Lebanon,LBN,2022,"""Don't ask, don't tell"""
Lebanon,LBN,2023,"""Don't ask, don't tell"""
Lebanon,LBN,2024,"""Don't ask, don't tell"""
Lebanon,LBN,2025,"""Don't ask, don't tell"""
Lesotho,LSO,2025,"LGB permitted, transgender people banned"
Liberia,LBR,2025,"""Don't ask, don't tell"""
Libya,LBY,1953,Illegal
Libya,LBY,1954,Illegal
Libya,LBY,1955,Illegal
Libya,LBY,1956,Illegal
Libya,LBY,1957,Illegal
Libya,LBY,1958,Illegal
Libya,LBY,1959,Illegal
Libya,LBY,1960,Illegal
Libya,LBY,1961,Illegal
Libya,LBY,1962,Illegal
Libya,LBY,1963,Illegal
Libya,LBY,1964,Illegal
Libya,LBY,1965,Illegal
Libya,LBY,1966,Illegal
Libya,LBY,1967,Illegal
Libya,LBY,1968,Illegal
Libya,LBY,1969,Illegal
Libya,LBY,1970,Illegal
Libya,LBY,1971,Illegal
Libya,LBY,1972,Illegal
Libya,LBY,1973,Illegal
Libya,LBY,1974,Illegal
Libya,LBY,1975,Illegal
Libya,LBY,1976,Illegal
Libya,LBY,1977,Illegal
Libya,LBY,1978,Illegal
Libya,LBY,1979,Illegal
Libya,LBY,1980,Illegal
Libya,LBY,1981,Illegal
Libya,LBY,1982,Illegal
Libya,LBY,1983,Illegal
Libya,LBY,1984,Illegal
Libya,LBY,1985,Illegal
Libya,LBY,1986,Illegal
Libya,LBY,1987,Illegal
Libya,LBY,1988,Illegal
Libya,LBY,1989,Illegal
Libya,LBY,1990,Illegal
Libya,LBY,1991,Illegal
Libya,LBY,1992,Illegal
Libya,LBY,1993,Illegal
Libya,LBY,1994,Illegal
Libya,LBY,1995,Illegal
Libya,LBY,1996,Illegal
Libya,LBY,1997,Illegal
Libya,LBY,1998,Illegal
Libya,LBY,1999,Illegal
Libya,LBY,2000,Illegal
Libya,LBY,2001,Illegal
Libya,LBY,2002,Illegal
Libya,LBY,2003,Illegal
Libya,LBY,2004,Illegal
Libya,LBY,2005,Illegal
Libya,LBY,2006,Illegal
Libya,LBY,2007,Illegal
Libya,LBY,2008,Illegal
Libya,LBY,2009,Illegal
Libya,LBY,2010,Illegal
Libya,LBY,2011,Illegal
Libya,LBY,2012,Illegal
Libya,LBY,2013,Illegal
Libya,LBY,2014,Illegal
Libya,LBY,2015,Illegal
Libya,LBY,2016,Illegal
Libya,LBY,2017,Illegal
Libya,LBY,2018,Illegal
Libya,LBY,2019,Illegal
Libya,LBY,2020,Illegal
Libya,LBY,2021,Illegal
Libya,LBY,2022,Illegal
Libya,LBY,2023,Illegal
Libya,LBY,2024,Illegal
Libya,LBY,2025,Illegal
Lithuania,LTU,2025,"LGB permitted, transgender people banned"
Luxembourg,LUX,2025,"LGB permitted, transgender people banned"
Madagascar,MDG,2025,"LGB permitted, transgender people banned"
Malawi,MWI,2025,Illegal
Malaysia,MYS,2025,Illegal
Maldives,MDV,2025,"""Don't ask, don't tell"""
Mali,MLI,2025,Illegal
Malta,MLT,2025,Legal
Mauritania,MRT,1983,Illegal
Mauritania,MRT,1984,Illegal
Mauritania,MRT,1985,Illegal
Mauritania,MRT,1986,Illegal
Mauritania,MRT,1987,Illegal
Mauritania,MRT,1988,Illegal
Mauritania,MRT,1989,Illegal
Mauritania,MRT,1990,Illegal
Mauritania,MRT,1991,Illegal
Mauritania,MRT,1992,Illegal
Mauritania,MRT,1993,Illegal
Mauritania,MRT,1994,Illegal
Mauritania,MRT,1995,Illegal
Mauritania,MRT,1996,Illegal
Mauritania,MRT,1997,Illegal
Mauritania,MRT,1998,Illegal
Mauritania,MRT,1999,Illegal
Mauritania,MRT,2000,Illegal
Mauritania,MRT,2001,Illegal
Mauritania,MRT,2002,Illegal
Mauritania,MRT,2003,Illegal
Mauritania,MRT,2004,Illegal
Mauritania,MRT,2005,Illegal
Mauritania,MRT,2006,Illegal
Mauritania,MRT,2007,Illegal
Mauritania,MRT,2008,Illegal
Mauritania,MRT,2009,Illegal
Mauritania,MRT,2010,Illegal
Mauritania,MRT,2011,Illegal
Mauritania,MRT,2012,Illegal
Mauritania,MRT,2013,Illegal
Mauritania,MRT,2014,Illegal
Mauritania,MRT,2015,Illegal
Mauritania,MRT,2016,Illegal
Mauritania,MRT,2017,Illegal
Mauritania,MRT,2018,Illegal
Mauritania,MRT,2019,Illegal
Mauritania,MRT,2020,Illegal
Mauritania,MRT,2021,Illegal
Mauritania,MRT,2022,Illegal
Mauritania,MRT,2023,Illegal
Mauritania,MRT,2024,Illegal
Mauritania,MRT,2025,Illegal
Mexico,MEX,2012,Legal
Mexico,MEX,2013,Legal
Mexico,MEX,2014,Legal
Mexico,MEX,2015,Legal
Mexico,MEX,2016,Legal
Mexico,MEX,2017,Legal
Mexico,MEX,2018,Legal
Mexico,MEX,2019,Legal
Mexico,MEX,2020,Legal
Mexico,MEX,2021,Legal
Mexico,MEX,2022,Legal
Mexico,MEX,2023,Legal
Mexico,MEX,2024,Legal
Mexico,MEX,2025,Legal
Moldova,MDA,2025,Legal
Mongolia,MNG,2025,"LGB permitted, transgender people banned"
Montenegro,MNE,2017,Legal
Montenegro,MNE,2018,Legal
Montenegro,MNE,2019,Legal
Montenegro,MNE,2020,Legal
Montenegro,MNE,2021,Legal
Montenegro,MNE,2022,Legal
Montenegro,MNE,2023,Legal
Montenegro,MNE,2024,Legal
Montenegro,MNE,2025,Legal
Morocco,MAR,2025,Illegal
Mozambique,MOZ,2025,"LGB permitted, transgender people banned"
Namibia,NAM,2025,Ambiguous
Netherlands,NLD,1974,Legal
Netherlands,NLD,1975,Legal
Netherlands,NLD,1976,Legal
Netherlands,NLD,1977,Legal
Netherlands,NLD,1978,Legal
Netherlands,NLD,1979,Legal
Netherlands,NLD,1980,Legal
Netherlands,NLD,1981,Legal
Netherlands,NLD,1982,Legal
Netherlands,NLD,1983,Legal
Netherlands,NLD,1984,Legal
Netherlands,NLD,1985,Legal
Netherlands,NLD,1986,Legal
Netherlands,NLD,1987,Legal
Netherlands,NLD,1988,Legal
Netherlands,NLD,1989,Legal
Netherlands,NLD,1990,Legal
Netherlands,NLD,1991,Legal
Netherlands,NLD,1992,Legal
Netherlands,NLD,1993,Legal
Netherlands,NLD,1994,Legal
Netherlands,NLD,1995,Legal
Netherlands,NLD,1996,Legal
Netherlands,NLD,1997,Legal
Netherlands,NLD,1998,Legal
Netherlands,NLD,1999,Legal
Netherlands,NLD,2000,Legal
Netherlands,NLD,2001,Legal
Netherlands,NLD,2002,Legal
Netherlands,NLD,2003,Legal
Netherlands,NLD,2004,Legal
Netherlands,NLD,2005,Legal
Netherlands,NLD,2006,Legal
Netherlands,NLD,2007,Legal
Netherlands,NLD,2008,Legal
Netherlands,NLD,2009,Legal
Netherlands,NLD,2010,Legal
Netherlands,NLD,2011,Legal
Netherlands,NLD,2012,Legal
Netherlands,NLD,2013,Legal
Netherlands,NLD,2014,Legal
Netherlands,NLD,2015,Legal
Netherlands,NLD,2016,Legal
Netherlands,NLD,2017,Legal
Netherlands,NLD,2018,Legal
Netherlands,NLD,2019,Legal
Netherlands,NLD,2020,Legal
Netherlands,NLD,2021,Legal
Netherlands,NLD,2022,Legal
Netherlands,NLD,2023,Legal
Netherlands,NLD,2024,Legal
Netherlands,NLD,2025,Legal
New Zealand,NZL,1994,Legal
New Zealand,NZL,1995,Legal
New Zealand,NZL,1996,Legal
New Zealand,NZL,1997,Legal
New Zealand,NZL,1998,Legal
New Zealand,NZL,1999,Legal
New Zealand,NZL,2000,Legal
New Zealand,NZL,2001,Legal
New Zealand,NZL,2002,Legal
New Zealand,NZL,2003,Legal
New Zealand,NZL,2004,Legal
New Zealand,NZL,2005,Legal
New Zealand,NZL,2006,Legal
New Zealand,NZL,2007,Legal
New Zealand,NZL,2008,Legal
New Zealand,NZL,2009,Legal
New Zealand,NZL,2010,Legal
New Zealand,NZL,2011,Legal
New Zealand,NZL,2012,Legal
New Zealand,NZL,2013,Legal
New Zealand,NZL,2014,Legal
New Zealand,NZL,2015,Legal
New Zealand,NZL,2016,Legal
New Zealand,NZL,2017,Legal
New Zealand,NZL,2018,Legal
New Zealand,NZL,2019,Legal
New Zealand,NZL,2020,Legal
New Zealand,NZL,2021,Legal
New Zealand,NZL,2022,Legal
New Zealand,NZL,2023,Legal
New Zealand,NZL,2024,Legal
New Zealand,NZL,2025,Legal
Nicaragua,NIC,2025,Illegal
Niger,NER,1960,Ambiguous
Niger,NER,1961,Ambiguous
Niger,NER,1962,Ambiguous
Niger,NER,1963,Ambiguous
Niger,NER,1964,Ambiguous
Niger,NER,1965,Ambiguous
Niger,NER,1966,Ambiguous
Niger,NER,1967,Ambiguous
Niger,NER,1968,Ambiguous
Niger,NER,1969,Ambiguous
Niger,NER,1970,Ambiguous
Niger,NER,1971,Ambiguous
Niger,NER,1972,Ambiguous
Niger,NER,1973,Ambiguous
Niger,NER,1974,Ambiguous
Niger,NER,1975,Ambiguous
Niger,NER,1976,Ambiguous
Niger,NER,1977,Ambiguous
Niger,NER,1978,Ambiguous
Niger,NER,1979,Ambiguous
Niger,NER,1980,Ambiguous
Niger,NER,1981,Ambiguous
Niger,NER,1982,Ambiguous
Niger,NER,1983,Ambiguous
Niger,NER,1984,Ambiguous
Niger,NER,1985,Ambiguous
Niger,NER,1986,Ambiguous
Niger,NER,1987,Ambiguous
Niger,NER,1988,Ambiguous
Niger,NER,1989,Ambiguous
Niger,NER,1990,Ambiguous
Niger,NER,1991,Ambiguous
Niger,NER,1992,Ambiguous
Niger,NER,1993,Ambiguous
Niger,NER,1994,Ambiguous
Niger,NER,1995,Ambiguous
Niger,NER,1996,Ambiguous
Niger,NER,1997,Ambiguous
Niger,NER,1998,Ambiguous
Niger,NER,1999,Ambiguous
Niger,NER,2000,Ambiguous
Niger,NER,2001,Ambiguous
Niger,NER,2002,Ambiguous
Niger,NER,2003,Ambiguous
Niger,NER,2004,Ambiguous
Niger,NER,2005,Ambiguous
Niger,NER,2006,Ambiguous
Niger,NER,2007,Ambiguous
Niger,NER,2008,Ambiguous
Niger,NER,2009,Ambiguous
Niger,NER,2010,Ambiguous
Niger,NER,2011,Ambiguous
Niger,NER,2012,Ambiguous
Niger,NER,2013,Ambiguous
Niger,NER,2014,Ambiguous
Niger,NER,2015,Ambiguous
Niger,NER,2016,Ambiguous
Niger,NER,2017,Ambiguous
Niger,NER,2018,Ambiguous
Niger,NER,2019,Ambiguous
Niger,NER,2020,Ambiguous
Niger,NER,2021,Ambiguous
Niger,NER,2022,Ambiguous
Niger,NER,2023,Ambiguous
Niger,NER,2024,Ambiguous
Niger,NER,2025,Ambiguous
Nigeria,NGA,2024,Illegal
Nigeria,NGA,2025,Illegal
North Korea,PRK,2025,Illegal
North Macedonia,MKD,2025,"LGB permitted, transgender people banned"
Norway,NOR,2001,Legal
Norway,NOR,2002,Legal
Norway,NOR,2003,Legal
Norway,NOR,2004,Legal
Norway,NOR,2005,Legal
Norway,NOR,2006,Legal
Norway,NOR,2007,Legal
Norway,NOR,2008,Legal
Norway,NOR,2009,Legal
Norway,NOR,2010,Legal
Norway,NOR,2011,Legal
Norway,NOR,2012,Legal
Norway,NOR,2013,Legal
Norway,NOR,2014,Legal
Norway,NOR,2015,Legal
Norway,NOR,2016,Legal
Norway,NOR,2017,Legal
Norway,NOR,2018,Legal
Norway,NOR,2019,Legal
Norway,NOR,2020,Legal
Norway,NOR,2021,Legal
Norway,NOR,2022,Legal
Norway,NOR,2023,Legal
Norway,NOR,2024,Legal
Norway,NOR,2025,Legal
Oman,OMN,1979,Illegal
Oman,OMN,1980,Illegal
Oman,OMN,1981,Illegal
Oman,OMN,1982,Illegal
Oman,OMN,1983,Illegal
Oman,OMN,1984,Illegal
Oman,OMN,1985,Illegal
Oman,OMN,1986,Illegal
Oman,OMN,1987,Illegal
Oman,OMN,1988,Illegal
Oman,OMN,1989,Illegal
Oman,OMN,1990,Illegal
Oman,OMN,1991,Illegal
Oman,OMN,1992,Illegal
Oman,OMN,1993,Illegal
Oman,OMN,1994,Illegal
Oman,OMN,1995,Illegal
Oman,OMN,1996,Illegal
Oman,OMN,1997,Illegal
Oman,OMN,1998,Illegal
Oman,OMN,1999,Illegal
Oman,OMN,2000,Illegal
Oman,OMN,2001,Illegal
Oman,OMN,2002,Illegal
Oman,OMN,2003,Illegal
Oman,OMN,2004,Illegal
Oman,OMN,2005,Illegal
Oman,OMN,2006,Illegal
Oman,OMN,2007,Illegal
Oman,OMN,2008,Illegal
Oman,OMN,2009,Illegal
Oman,OMN,2010,Illegal
Oman,OMN,2011,Illegal
Oman,OMN,2012,Illegal
Oman,OMN,2013,Illegal
Oman,OMN,2014,Illegal
Oman,OMN,2015,Illegal
Oman,OMN,2016,Illegal
Oman,OMN,2017,Illegal
Oman,OMN,2018,Illegal
Oman,OMN,2019,Illegal
Oman,OMN,2020,Illegal
Oman,OMN,2021,Illegal
Oman,OMN,2022,Illegal
Oman,OMN,2023,Illegal
Oman,OMN,2024,Illegal
Oman,OMN,2025,Illegal
Pakistan,PAK,2025,Illegal
Paraguay,PRY,2025,Legal
Peru,PER,2009,Legal
Peru,PER,2010,Legal
Peru,PER,2011,Legal
Peru,PER,2012,Legal
Peru,PER,2013,Legal
Peru,PER,2014,Legal
Peru,PER,2015,Legal
Peru,PER,2016,Legal
Peru,PER,2017,Legal
Peru,PER,2018,Legal
Peru,PER,2019,Legal
Peru,PER,2020,Legal
Peru,PER,2021,Legal
Peru,PER,2022,Legal
Peru,PER,2023,Legal
Peru,PER,2024,Legal
Peru,PER,2025,Legal
Philippines,PHL,2012,"LGB permitted, transgender people banned"
Philippines,PHL,2013,"LGB permitted, transgender people banned"
Philippines,PHL,2014,"LGB permitted, transgender people banned"
Philippines,PHL,2015,"LGB permitted, transgender people banned"
Philippines,PHL,2016,"LGB permitted, transgender people banned"
Philippines,PHL,2017,Legal
Philippines,PHL,2018,Legal
Philippines,PHL,2019,Legal
Philippines,PHL,2020,Legal
Philippines,PHL,2021,Legal
Philippines,PHL,2022,Legal
Philippines,PHL,2023,Legal
Philippines,PHL,2024,Legal
Philippines,PHL,2025,Legal
Poland,POL,1991,"LGB permitted, transgender people banned"
Poland,POL,1992,"LGB permitted, transgender people banned"
Poland,POL,1993,"LGB permitted, transgender people banned"
Poland,POL,1994,"LGB permitted, transgender people banned"
Poland,POL,1995,"LGB permitted, transgender people banned"
Poland,POL,1996,"LGB permitted, transgender people banned"
Poland,POL,1997,"LGB permitted, transgender people banned"
Poland,POL,1998,"LGB permitted, transgender people banned"
Poland,POL,1999,"LGB permitted, transgender people banned"
Poland,POL,2000,"LGB permitted, transgender people banned"
Poland,POL,2001,"LGB permitted, transgender people banned"
Poland,POL,2002,"LGB permitted, transgender people banned"
Poland,POL,2003,"LGB permitted, transgender people banned"
Poland,POL,2004,"LGB permitted, transgender people banned"
Poland,POL,2005,"LGB permitted, transgender people banned"
Poland,POL,2006,"LGB permitted, transgender people banned"
Poland,POL,2007,"LGB permitted, transgender people banned"
Poland,POL,2008,"LGB permitted, transgender people banned"
Poland,POL,2009,"LGB permitted, transgender people banned"
Poland,POL,2010,"LGB permitted, transgender people banned"
Poland,POL,2011,"LGB permitted, transgender people banned"
Poland,POL,2012,"LGB permitted, transgender people banned"
Poland,POL,2013,"LGB permitted, transgender people banned"
Poland,POL,2014,"LGB permitted, transgender people banned"
Poland,POL,2015,"LGB permitted, transgender people banned"
Poland,POL,2016,"LGB permitted, transgender people banned"
Poland,POL,2017,"LGB permitted, transgender people banned"
Poland,POL,2018,"LGB permitted, transgender people banned"
Poland,POL,2019,"LGB permitted, transgender people banned"
Poland,POL,2020,"LGB permitted, transgender people banned"
Poland,POL,2021,"LGB permitted, transgender people banned"
Poland,POL,2022,"LGB permitted, transgender people banned"
Poland,POL,2023,"LGB permitted, transgender people banned"
Poland,POL,2024,"LGB permitted, transgender people banned"
Poland,POL,2025,"LGB permitted, transgender people banned"
Portugal,PRT,1999,"LGB permitted, transgender people banned"
Portugal,PRT,2000,"LGB permitted, transgender people banned"
Portugal,PRT,2001,"LGB permitted, transgender people banned"
Portugal,PRT,2002,"LGB permitted, transgender people banned"
Portugal,PRT,2003,"LGB permitted, transgender people banned"
Portugal,PRT,2004,"LGB permitted, transgender people banned"
Portugal,PRT,2005,"LGB permitted, transgender people banned"
Portugal,PRT,2006,"LGB permitted, transgender people banned"
Portugal,PRT,2007,"LGB permitted, transgender people banned"
Portugal,PRT,2008,"LGB permitted, transgender people banned"
Portugal,PRT,2009,"LGB permitted, transgender people banned"
Portugal,PRT,2010,"LGB permitted, transgender people banned"
Portugal,PRT,2011,"LGB permitted, transgender people banned"
Portugal,PRT,2012,"LGB permitted, transgender people banned"
Portugal,PRT,2013,"LGB permitted, transgender people banned"
Portugal,PRT,2014,"LGB permitted, transgender people banned"
Portugal,PRT,2015,"LGB permitted, transgender people banned"
Portugal,PRT,2016,"LGB permitted, transgender people banned"
Portugal,PRT,2017,"LGB permitted, transgender people banned"
Portugal,PRT,2018,"LGB permitted, transgender people banned"
Portugal,PRT,2019,"LGB permitted, transgender people banned"
Portugal,PRT,2020,"LGB permitted, transgender people banned"
Portugal,PRT,2021,"LGB permitted, transgender people banned"
Portugal,PRT,2022,"LGB permitted, transgender people banned"
Portugal,PRT,2023,"LGB permitted, transgender people banned"
Portugal,PRT,2024,Legal
Portugal,PRT,2025,Legal
Qatar,QAT,1950,Illegal
Qatar,QAT,1951,Illegal
Qatar,QAT,1952,Illegal
Qatar,QAT,1953,Illegal
Qatar,QAT,1954,Illegal
Qatar,QAT,1955,Illegal
Qatar,QAT,1956,Illegal
Qatar,QAT,1957,Illegal
Qatar,QAT,1958,Illegal
Qatar,QAT,1959,Illegal
Qatar,QAT,1960,Illegal
Qatar,QAT,1961,Illegal
Qatar,QAT,1962,Illegal
Qatar,QAT,1963,Illegal
Qatar,QAT,1964,Illegal
Qatar,QAT,1965,Illegal
Qatar,QAT,1966,Illegal
Qatar,QAT,1967,Illegal
Qatar,QAT,1968,Illegal
Qatar,QAT,1969,Illegal
Qatar,QAT,1970,Illegal
Qatar,QAT,1971,Illegal
Qatar,QAT,1972,Illegal
Qatar,QAT,1973,Illegal
Qatar,QAT,1974,Illegal
Qatar,QAT,1975,Illegal
Qatar,QAT,1976,Illegal
Qatar,QAT,1977,Illegal
Qatar,QAT,1978,Illegal
Qatar,QAT,1979,Illegal
Qatar,QAT,1980,Illegal
Qatar,QAT,1981,Illegal
Qatar,QAT,1982,Illegal
Qatar,QAT,1983,Illegal
Qatar,QAT,1984,Illegal
Qatar,QAT,1985,Illegal
Qatar,QAT,1986,Illegal
Qatar,QAT,1987,Illegal
Qatar,QAT,1988,Illegal
Qatar,QAT,1989,Illegal
Qatar,QAT,1990,Illegal
Qatar,QAT,1991,Illegal
Qatar,QAT,1992,Illegal
Qatar,QAT,1993,Illegal
Qatar,QAT,1994,Illegal
Qatar,QAT,1995,Illegal
Qatar,QAT,1996,Illegal
Qatar,QAT,1997,Illegal
Qatar,QAT,1998,Illegal
Qatar,QAT,1999,Illegal
Qatar,QAT,2000,Illegal
Qatar,QAT,2001,Illegal
Qatar,QAT,2002,Illegal
Qatar,QAT,2003,Illegal
Qatar,QAT,2004,Illegal
Qatar,QAT,2005,Illegal
Qatar,QAT,2006,Illegal
Qatar,QAT,2007,Illegal
Qatar,QAT,2008,Illegal
Qatar,QAT,2009,Illegal
Qatar,QAT,2010,Illegal
Qatar,QAT,2011,Illegal
Qatar,QAT,2012,Illegal
Qatar,QAT,2013,Illegal
Qatar,QAT,2014,Illegal
Qatar,QAT,2015,Illegal
Qatar,QAT,2016,Illegal
Qatar,QAT,2017,Illegal
Qatar,QAT,2018,Illegal
Qatar,QAT,2019,Illegal
Qatar,QAT,2020,Illegal
Qatar,QAT,2021,Illegal
Qatar,QAT,2022,Illegal
Qatar,QAT,2023,Illegal
Qatar,QAT,2024,Illegal
Qatar,QAT,2025,Illegal
Romania,ROU,2025,"LGB permitted, transgender people banned"
Russia,RUS,2003,"LGB permitted, transgender people banned"
Russia,RUS,2004,"LGB permitted, transgender people banned"
Russia,RUS,2005,"LGB permitted, transgender people banned"
Russia,RUS,2006,"LGB permitted, transgender people banned"
Russia,RUS,2007,"LGB permitted, transgender people banned"
Russia,RUS,2008,"LGB permitted, transgender people banned"
Russia,RUS,2009,"LGB permitted, transgender people banned"
Russia,RUS,2010,"LGB permitted, transgender people banned"
Russia,RUS,2011,"LGB permitted, transgender people banned"
Russia,RUS,2012,"LGB permitted, transgender people banned"
Russia,RUS,2013,"LGB permitted, transgender people banned"
Russia,RUS,2014,"LGB permitted, transgender people banned"
Russia,RUS,2015,"LGB permitted, transgender people banned"
Russia,RUS,2016,"LGB permitted, transgender people banned"
Russia,RUS,2017,"LGB permitted, transgender people banned"
Russia,RUS,2018,"LGB permitted, transgender people banned"
Russia,RUS,2019,"LGB permitted, transgender people banned"
Russia,RUS,2020,"LGB permitted, transgender people banned"
Russia,RUS,2021,"LGB permitted, transgender people banned"
Russia,RUS,2022,"LGB permitted, transgender people banned"
Russia,RUS,2023,"LGB permitted, transgender people banned"
Russia,RUS,2024,"LGB permitted, transgender people banned"
Russia,RUS,2025,"LGB permitted, transgender people banned"
Rwanda,RWA,2012,"""Don't ask, don't tell"""
Rwanda,RWA,2013,"""Don't ask, don't tell"""
Rwanda,RWA,2014,"""Don't ask, don't tell"""
Rwanda,RWA,2015,"""Don't ask, don't tell"""
Rwanda,RWA,2016,"""Don't ask, don't tell"""
Rwanda,RWA,2017,"""Don't ask, don't tell"""
Rwanda,RWA,2018,"""Don't ask, don't tell"""
Rwanda,RWA,2019,"""Don't ask, don't tell"""
Rwanda,RWA,2020,"""Don't ask, don't tell"""
Rwanda,RWA,2021,"""Don't ask, don't tell"""
Rwanda,RWA,2022,"""Don't ask, don't tell"""
Rwanda,RWA,2023,"""Don't ask, don't tell"""
Rwanda,RWA,2024,"""Don't ask, don't tell"""
Rwanda,RWA,2025,"""Don't ask, don't tell"""
San Marino,SMR,2025,"LGB permitted, transgender people banned"
Sao Tome and Principe,STP,2025,"LGB permitted, transgender people banned"
Saudi Arabia,SAU,2025,Illegal
Senegal,SEN,2025,Illegal
Serbia,SRB,2008,Legal
Serbia,SRB,2009,Legal
Serbia,SRB,2010,Legal
Serbia,SRB,2011,Legal
Serbia,SRB,2012,Legal
Serbia,SRB,2013,Legal
Serbia,SRB,2014,Legal
Serbia,SRB,2015,Legal
Serbia,SRB,2016,Legal
Serbia,SRB,2017,Legal
Serbia,SRB,2018,Legal
Serbia,SRB,2019,Legal
Serbia,SRB,2020,Legal
Serbia,SRB,2021,Legal
Serbia,SRB,2022,Legal
Serbia,SRB,2023,Legal
Serbia,SRB,2024,Legal
Serbia,SRB,2025,Legal
Seychelles,SYC,2025,"LGB permitted, transgender people banned"
Sierra Leone,SLE,2025,Illegal
Singapore,SGP,1990,Legal
Singapore,SGP,1991,Legal
Singapore,SGP,1992,Legal
Singapore,SGP,1993,Legal
Singapore,SGP,1994,Legal
Singapore,SGP,1995,Legal
Singapore,SGP,1996,Legal
Singapore,SGP,1997,Legal
Singapore,SGP,1998,Legal
Singapore,SGP,1999,Legal
Singapore,SGP,2000,Legal
Singapore,SGP,2001,Legal
Singapore,SGP,2002,Legal
Singapore,SGP,2003,Legal
Singapore,SGP,2004,Legal
Singapore,SGP,2005,Legal
Singapore,SGP,2006,Legal
Singapore,SGP,2007,Legal
Singapore,SGP,2008,Legal
Singapore,SGP,2009,Legal
Singapore,SGP,2010,Legal
Singapore,SGP,2011,Legal
Singapore,SGP,2012,Legal
Singapore,SGP,2013,Legal
Singapore,SGP,2014,Legal
Singapore,SGP,2015,Legal
Singapore,SGP,2016,Legal
Singapore,SGP,2017,Legal
Singapore,SGP,2018,Legal
Singapore,SGP,2019,Legal
Singapore,SGP,2020,Legal
Singapore,SGP,2021,Legal
Singapore,SGP,2022,Legal
Singapore,SGP,2023,Legal
Singapore,SGP,2024,Legal
Singapore,SGP,2025,Legal
Slovakia,SVK,1993,Legal
Slovakia,SVK,1994,Legal
Slovakia,SVK,1995,Legal
Slovakia,SVK,1996,Legal
Slovakia,SVK,1997,Legal
Slovakia,SVK,1998,Legal
Slovakia,SVK,1999,Legal
Slovakia,SVK,2000,Legal
Slovakia,SVK,2001,Legal
Slovakia,SVK,2002,Legal
Slovakia,SVK,2003,Legal
Slovakia,SVK,2004,Legal
Slovakia,SVK,2005,Legal
Slovakia,SVK,2006,Legal
Slovakia,SVK,2007,Legal
Slovakia,SVK,2008,Legal
Slovakia,SVK,2009,Legal
Slovakia,SVK,2010,Legal
Slovakia,SVK,2011,Legal
Slovakia,SVK,2012,Legal
Slovakia,SVK,2013,Legal
Slovakia,SVK,2014,Legal
Slovakia,SVK,2015,Legal
Slovakia,SVK,2016,Legal
Slovakia,SVK,2017,Legal
Slovakia,SVK,2018,Legal
Slovakia,SVK,2019,Legal
Slovakia,SVK,2020,Legal
Slovakia,SVK,2021,Legal
Slovakia,SVK,2022,Legal
Slovakia,SVK,2023,Legal
Slovakia,SVK,2024,Legal
Slovakia,SVK,2025,Legal
Slovenia,SVN,2007,Legal
Slovenia,SVN,2008,Legal
Slovenia,SVN,2009,Legal
Slovenia,SVN,2010,Legal
Slovenia,SVN,2011,Legal
Slovenia,SVN,2012,Legal
Slovenia,SVN,2013,Legal
Slovenia,SVN,2014,Legal
Slovenia,SVN,2015,Legal
Slovenia,SVN,2016,Legal
Slovenia,SVN,2017,Legal
Slovenia,SVN,2018,Legal
Slovenia,SVN,2019,Legal
Slovenia,SVN,2020,Legal
Slovenia,SVN,2021,Legal
Slovenia,SVN,2022,Legal
Slovenia,SVN,2023,Legal
Slovenia,SVN,2024,Legal
Slovenia,SVN,2025,Legal
Somalia,SOM,2025,Illegal
South Africa,ZAF,1970,Illegal
South Africa,ZAF,1971,Illegal
South Africa,ZAF,1972,Illegal
South Africa,ZAF,1973,Illegal
South Africa,ZAF,1974,Illegal
South Africa,ZAF,1975,Illegal
South Africa,ZAF,1976,Illegal
South Africa,ZAF,1977,Illegal
South Africa,ZAF,1978,Illegal
South Africa,ZAF,1979,Illegal
South Africa,ZAF,1980,Illegal
South Africa,ZAF,1981,Illegal
South Africa,ZAF,1982,Illegal
South Africa,ZAF,1983,Illegal
South Africa,ZAF,1984,Illegal
South Africa,ZAF,1985,Illegal
South Africa,ZAF,1986,Illegal
South Africa,ZAF,1987,Illegal
South Africa,ZAF,1988,Illegal
South Africa,ZAF,1989,Illegal
South Africa,ZAF,1990,Illegal
South Africa,ZAF,1991,Illegal
South Africa,ZAF,1992,Illegal
South Africa,ZAF,1993,Illegal
South Africa,ZAF,1994,Legal
South Africa,ZAF,1995,Legal
South Africa,ZAF,1996,Legal
South Africa,ZAF,1997,Legal
South Africa,ZAF,1998,Legal
South Africa,ZAF,1999,Legal
South Africa,ZAF,2000,Legal
South Africa,ZAF,2001,Legal
South Africa,ZAF,2002,Legal
South Africa,ZAF,2003,Legal
South Africa,ZAF,2004,Legal
South Africa,ZAF,2005,Legal
South Africa,ZAF,2006,Legal
South Africa,ZAF,2007,Legal
South Africa,ZAF,2008,Legal
South Africa,ZAF,2009,Legal
South Africa,ZAF,2010,Legal
South Africa,ZAF,2011,Legal
South Africa,ZAF,2012,Legal
South Africa,ZAF,2013,Legal
South Africa,ZAF,2014,Legal
South Africa,ZAF,2015,Legal
South Africa,ZAF,2016,Legal
South Africa,ZAF,2017,Legal
South Africa,ZAF,2018,Legal
South Africa,ZAF,2019,Legal
South Africa,ZAF,2020,Legal
South Africa,ZAF,2021,Legal
South Africa,ZAF,2022,Legal
South Africa,ZAF,2023,Legal
South Africa,ZAF,2024,Legal
South Africa,ZAF,2025,Legal
South Korea,KOR,2025,Illegal
South Sudan,SSD,2011,Illegal
South Sudan,SSD,2012,Illegal
South Sudan,SSD,2013,Illegal
South Sudan,SSD,2014,Illegal
South Sudan,SSD,2015,Illegal
South Sudan,SSD,2016,Illegal
South Sudan,SSD,2017,Illegal
South Sudan,SSD,2018,Illegal
South Sudan,SSD,2019,Illegal
South Sudan,SSD,2020,Illegal
South Sudan,SSD,2021,Illegal
South Sudan,SSD,2022,Illegal
South Sudan,SSD,2023,Illegal
South Sudan,SSD,2024,Illegal
South Sudan,SSD,2025,Illegal
Spain,ESP,1977,Legal
Spain,ESP,1978,Legal
Spain,ESP,1979,Legal
Spain,ESP,1980,Legal
Spain,ESP,1981,Legal
Spain,ESP,1982,Legal
Spain,ESP,1983,Legal
Spain,ESP,1984,Legal
Spain,ESP,1985,Legal
Spain,ESP,1986,Legal
Spain,ESP,1987,Legal
Spain,ESP,1988,Legal
Spain,ESP,1989,Legal
Spain,ESP,1990,Legal
Spain,ESP,1991,Legal
Spain,ESP,1992,Legal
Spain,ESP,1993,Legal
Spain,ESP,1994,Legal
Spain,ESP,1995,Legal
Spain,ESP,1996,Legal
Spain,ESP,1997,Legal
Spain,ESP,1998,Legal
Spain,ESP,1999,Legal
Spain,ESP,2000,Legal
Spain,ESP,2001,Legal
Spain,ESP,2002,Legal
Spain,ESP,2003,Legal
Spain,ESP,2004,Legal
Spain,ESP,2005,Legal
Spain,ESP,2006,Legal
Spain,ESP,2007,Legal
Spain,ESP,2008,Legal
Spain,ESP,2009,Legal
Spain,ESP,2010,Legal
Spain,ESP,2011,Legal
Spain,ESP,2012,Legal
Spain,ESP,2013,Legal
Spain,ESP,2014,Legal
Spain,ESP,2015,Legal
Spain,ESP,2016,Legal
Spain,ESP,2017,Legal
Spain,ESP,2018,Legal
Spain,ESP,2019,Legal
Spain,ESP,2020,Legal
Spain,ESP,2021,Legal
Spain,ESP,2022,Legal
Spain,ESP,2023,Legal
Spain,ESP,2024,Legal
Spain,ESP,2025,Legal
Sudan,SDN,2025,Illegal
Sweden,SWE,2009,Legal
Sweden,SWE,2010,Legal
Sweden,SWE,2011,Legal
Sweden,SWE,2012,Legal
Sweden,SWE,2013,Legal
Sweden,SWE,2014,Legal
Sweden,SWE,2015,Legal
Sweden,SWE,2016,Legal
Sweden,SWE,2017,Legal
Sweden,SWE,2018,Legal
Sweden,SWE,2019,Legal
Sweden,SWE,2020,Legal
Sweden,SWE,2021,Legal
Sweden,SWE,2022,Legal
Sweden,SWE,2023,Legal
Sweden,SWE,2024,Legal
Sweden,SWE,2025,Legal
Switzerland,CHE,1992,Legal
Switzerland,CHE,1993,Legal
Switzerland,CHE,1994,Legal
Switzerland,CHE,1995,Legal
Switzerland,CHE,1996,Legal
Switzerland,CHE,1997,Legal
Switzerland,CHE,1998,Legal
Switzerland,CHE,1999,Legal
Switzerland,CHE,2000,Legal
Switzerland,CHE,2001,Legal
Switzerland,CHE,2002,Legal
Switzerland,CHE,2003,Legal
Switzerland,CHE,2004,Legal
Switzerland,CHE,2005,Legal
Switzerland,CHE,2006,Legal
Switzerland,CHE,2007,Legal
Switzerland,CHE,2008,Legal
Switzerland,CHE,2009,Legal
Switzerland,CHE,2010,Legal
Switzerland,CHE,2011,Legal
Switzerland,CHE,2012,Legal
Switzerland,CHE,2013,Legal
Switzerland,CHE,2014,Legal
Switzerland,CHE,2015,Legal
Switzerland,CHE,2016,Legal
Switzerland,CHE,2017,Legal
Switzerland,CHE,2018,Legal
Switzerland,CHE,2019,Legal
Switzerland,CHE,2020,Legal
Switzerland,CHE,2021,Legal
Switzerland,CHE,2022,Legal
Switzerland,CHE,2023,Legal
Switzerland,CHE,2024,Legal
Switzerland,CHE,2025,Legal
Syria,SYR,2025,"""Don't ask, don't tell"""
Taiwan,TWN,2002,"LGB permitted, transgender people banned"
Taiwan,TWN,2003,"LGB permitted, transgender people banned"
Taiwan,TWN,2004,"LGB permitted, transgender people banned"
Taiwan,TWN,2005,"LGB permitted, transgender people banned"
Taiwan,TWN,2006,"LGB permitted, transgender people banned"
Taiwan,TWN,2007,"LGB permitted, transgender people banned"
Taiwan,TWN,2008,"LGB permitted, transgender people banned"
Taiwan,TWN,2009,"LGB permitted, transgender people banned"
Taiwan,TWN,2010,"LGB permitted, transgender people banned"
Taiwan,TWN,2011,"LGB permitted, transgender people banned"
Taiwan,TWN,2012,"LGB permitted, transgender people banned"
Taiwan,TWN,2013,"LGB permitted, transgender people banned"
Taiwan,TWN,2014,"LGB permitted, transgender people banned"
Taiwan,TWN,2015,"LGB permitted, transgender people banned"
Taiwan,TWN,2016,"LGB permitted, transgender people banned"
Taiwan,TWN,2017,"LGB permitted, transgender people banned"
Taiwan,TWN,2018,"LGB permitted, transgender people banned"
Taiwan,TWN,2019,"LGB permitted, transgender people banned"
Taiwan,TWN,2020,"LGB permitted, transgender people banned"
Taiwan,TWN,2021,"LGB permitted, transgender people banned"
Taiwan,TWN,2022,"LGB permitted, transgender people banned"
Taiwan,TWN,2023,"LGB permitted, transgender people banned"
Taiwan,TWN,2024,"LGB permitted, transgender people banned"
Taiwan,TWN,2025,"LGB permitted, transgender people banned"
Tajikistan,TJK,1992,"""Don't ask, don't tell"""
Tajikistan,TJK,1993,"""Don't ask, don't tell"""
Tajikistan,TJK,1994,"""Don't ask, don't tell"""
Tajikistan,TJK,1995,"""Don't ask, don't tell"""
Tajikistan,TJK,1996,"""Don't ask, don't tell"""
Tajikistan,TJK,1997,"""Don't ask, don't tell"""
Tajikistan,TJK,1998,"""Don't ask, don't tell"""
Tajikistan,TJK,1999,"""Don't ask, don't tell"""
Tajikistan,TJK,2000,"""Don't ask, don't tell"""
Tajikistan,TJK,2001,"""Don't ask, don't tell"""
Tajikistan,TJK,2002,"""Don't ask, don't tell"""
Tajikistan,TJK,2003,"""Don't ask, don't tell"""
Tajikistan,TJK,2004,"""Don't ask, don't tell"""
Tajikistan,TJK,2005,"""Don't ask, don't tell"""
Tajikistan,TJK,2006,"""Don't ask, don't tell"""
Tajikistan,TJK,2007,"""Don't ask, don't tell"""
Tajikistan,TJK,2008,"""Don't ask, don't tell"""
Tajikistan,TJK,2009,"""Don't ask, don't tell"""
Tajikistan,TJK,2010,"""Don't ask, don't tell"""
Tajikistan,TJK,2011,"""Don't ask, don't tell"""
Tajikistan,TJK,2012,"""Don't ask, don't tell"""
Tajikistan,TJK,2013,"""Don't ask, don't tell"""
Tajikistan,TJK,2014,"""Don't ask, don't tell"""
Tajikistan,TJK,2015,"""Don't ask, don't tell"""
Tajikistan,TJK,2016,"""Don't ask, don't tell"""
Tajikistan,TJK,2017,"""Don't ask, don't tell"""
Tajikistan,TJK,2018,"""Don't ask, don't tell"""
Tajikistan,TJK,2019,"""Don't ask, don't tell"""
Tajikistan,TJK,2020,"""Don't ask, don't tell"""
Tajikistan,TJK,2021,"""Don't ask, don't tell"""
Tajikistan,TJK,2022,"""Don't ask, don't tell"""
Tajikistan,TJK,2023,"""Don't ask, don't tell"""
Tajikistan,TJK,2024,"""Don't ask, don't tell"""
Tajikistan,TJK,2025,"""Don't ask, don't tell"""
Tanzania,TZA,1998,Illegal
Tanzania,TZA,1999,Illegal
Tanzania,TZA,2000,Illegal
Tanzania,TZA,2001,Illegal
Tanzania,TZA,2002,Illegal
Tanzania,TZA,2003,Illegal
Tanzania,TZA,2004,Illegal
Tanzania,TZA,2005,Illegal
Tanzania,TZA,2006,Illegal
Tanzania,TZA,2007,Illegal
Tanzania,TZA,2008,Illegal
Tanzania,TZA,2009,Illegal
Tanzania,TZA,2010,Illegal
Tanzania,TZA,2011,Illegal
Tanzania,TZA,2012,Illegal
Tanzania,TZA,2013,Illegal
Tanzania,TZA,2014,Illegal
Tanzania,TZA,2015,Illegal
Tanzania,TZA,2016,Illegal
Tanzania,TZA,2017,Illegal
Tanzania,TZA,2018,Illegal
Tanzania,TZA,2019,Illegal
Tanzania,TZA,2020,Illegal
Tanzania,TZA,2021,Illegal
Tanzania,TZA,2022,Illegal
Tanzania,TZA,2023,Illegal
Tanzania,TZA,2024,Illegal
Tanzania,TZA,2025,Illegal
Thailand,THA,1954,Illegal
Thailand,THA,1955,Illegal
Thailand,THA,1956,Illegal
Thailand,THA,1957,Illegal
Thailand,THA,1958,Illegal
Thailand,THA,1959,Illegal
Thailand,THA,1960,Illegal
Thailand,THA,1961,Illegal
Thailand,THA,1962,Illegal
Thailand,THA,1963,Illegal
Thailand,THA,1964,Illegal
Thailand,THA,1965,Illegal
Thailand,THA,1966,Illegal
Thailand,THA,1967,Illegal
Thailand,THA,1968,Illegal
Thailand,THA,1969,Illegal
Thailand,THA,1970,Illegal
Thailand,THA,1971,Illegal
Thailand,THA,1972,Illegal
Thailand,THA,1973,Illegal
Thailand,THA,1974,Illegal
Thailand,THA,1975,Illegal
Thailand,THA,1976,Illegal
Thailand,THA,1977,Illegal
Thailand,THA,1978,Illegal
Thailand,THA,1979,Illegal
Thailand,THA,1980,Illegal
Thailand,THA,1981,Illegal
Thailand,THA,1982,Illegal
Thailand,THA,1983,Illegal
Thailand,THA,1984,Illegal
Thailand,THA,1985,Illegal
Thailand,THA,1986,Illegal
Thailand,THA,1987,Illegal
Thailand,THA,1988,Illegal
Thailand,THA,1989,Illegal
Thailand,THA,1990,Illegal
Thailand,THA,1991,Illegal
Thailand,THA,1992,Illegal
Thailand,THA,1993,Illegal
Thailand,THA,1994,Illegal
Thailand,THA,1995,Illegal
Thailand,THA,1996,Illegal
Thailand,THA,1997,Illegal
Thailand,THA,1998,Illegal
Thailand,THA,1999,Illegal
Thailand,THA,2000,Illegal
Thailand,THA,2001,Illegal
Thailand,THA,2002,Illegal
Thailand,THA,2003,Illegal
Thailand,THA,2004,Illegal
Thailand,THA,2005,Legal
Thailand,THA,2006,Legal
Thailand,THA,2007,Legal
Thailand,THA,2008,Legal
Thailand,THA,2009,Legal
Thailand,THA,2010,Legal
Thailand,THA,2011,Legal
Thailand,THA,2012,Legal
Thailand,THA,2013,Legal
Thailand,THA,2014,Legal
Thailand,THA,2015,Legal
Thailand,THA,2016,Legal
Thailand,THA,2017,Legal
Thailand,THA,2018,Legal
Thailand,THA,2019,Legal
Thailand,THA,2020,Legal
Thailand,THA,2021,Legal
Thailand,THA,2022,Legal
Thailand,THA,2023,Legal
Thailand,THA,2024,Legal
Thailand,THA,2025,Legal
Togo,TGO,2025,Illegal
Trinidad and Tobago,TTO,1962,Legal
Trinidad and Tobago,TTO,1963,Legal
Trinidad and Tobago,TTO,1964,Legal
Trinidad and Tobago,TTO,1965,Legal
Trinidad and Tobago,TTO,1966,Legal
Trinidad and Tobago,TTO,1967,Legal
Trinidad and Tobago,TTO,1968,Legal
Trinidad and Tobago,TTO,1969,Legal
Trinidad and Tobago,TTO,1970,Legal
Trinidad and Tobago,TTO,1971,Legal
Trinidad and Tobago,TTO,1972,Legal
Trinidad and Tobago,TTO,1973,Legal
Trinidad and Tobago,TTO,1974,Legal
Trinidad and Tobago,TTO,1975,Legal
Trinidad and Tobago,TTO,1976,Legal
Trinidad and Tobago,TTO,1977,Legal
Trinidad and Tobago,TTO,1978,Legal
Trinidad and Tobago,TTO,1979,Legal
Trinidad and Tobago,TTO,1980,Legal
Trinidad and Tobago,TTO,1981,Legal
Trinidad and Tobago,TTO,1982,Legal
Trinidad and Tobago,TTO,1983,Legal
Trinidad and Tobago,TTO,1984,Legal
Trinidad and Tobago,TTO,1985,Legal
Trinidad and Tobago,TTO,1986,Legal
Trinidad and Tobago,TTO,1987,Legal
Trinidad and Tobago,TTO,1988,Legal
Trinidad and Tobago,TTO,1989,Legal
Trinidad and Tobago,TTO,1990,Legal
Trinidad and Tobago,TTO,1991,Legal
Trinidad and Tobago,TTO,1992,Legal
Trinidad and Tobago,TTO,1993,Legal
Trinidad and Tobago,TTO,1994,Legal
Trinidad and Tobago,TTO,1995,Legal
Trinidad and Tobago,TTO,1996,Legal
Trinidad and Tobago,TTO,1997,Legal
Trinidad and Tobago,TTO,1998,Legal
Trinidad and Tobago,TTO,1999,Legal
Trinidad and Tobago,TTO,2000,Legal
Trinidad and Tobago,TTO,2001,Legal
Trinidad and Tobago,TTO,2002,Legal
Trinidad and Tobago,TTO,2003,Legal
Trinidad and Tobago,TTO,2004,Legal
Trinidad and Tobago,TTO,2005,Legal
Trinidad and Tobago,TTO,2006,Legal
Trinidad and Tobago,TTO,2007,Legal
Trinidad and Tobago,TTO,2008,Legal
Trinidad and Tobago,TTO,2009,Legal
Trinidad and Tobago,TTO,2010,Legal
Trinidad and Tobago,TTO,2011,Legal
Trinidad and Tobago,TTO,2012,Legal
Trinidad and Tobago,TTO,2013,Legal
Trinidad and Tobago,TTO,2014,Legal
Trinidad and Tobago,TTO,2015,Legal
Trinidad and Tobago,TTO,2016,Legal
Trinidad and Tobago,TTO,2017,Legal
Trinidad and Tobago,TTO,2018,Legal
Trinidad and Tobago,TTO,2019,Legal
Trinidad and Tobago,TTO,2020,Legal
Trinidad and Tobago,TTO,2021,Legal
Trinidad and Tobago,TTO,2022,Legal
Trinidad and Tobago,TTO,2023,Legal
Trinidad and Tobago,TTO,2024,Legal
Trinidad and Tobago,TTO,2025,Legal
Tunisia,TUN,1957,Ambiguous
Tunisia,TUN,1958,Ambiguous
Tunisia,TUN,1959,Ambiguous
Tunisia,TUN,1960,Ambiguous
Tunisia,TUN,1961,Ambiguous
Tunisia,TUN,1962,Ambiguous
Tunisia,TUN,1963,Ambiguous
Tunisia,TUN,1964,Ambiguous
Tunisia,TUN,1965,Ambiguous
Tunisia,TUN,1966,Ambiguous
Tunisia,TUN,1967,Ambiguous
Tunisia,TUN,1968,Ambiguous
Tunisia,TUN,1969,Ambiguous
Tunisia,TUN,1970,Ambiguous
Tunisia,TUN,1971,Ambiguous
Tunisia,TUN,1972,Ambiguous
Tunisia,TUN,1973,Ambiguous
Tunisia,TUN,1974,Ambiguous
Tunisia,TUN,1975,Ambiguous
Tunisia,TUN,1976,Ambiguous
Tunisia,TUN,1977,Ambiguous
Tunisia,TUN,1978,Ambiguous
Tunisia,TUN,1979,Ambiguous
Tunisia,TUN,1980,Ambiguous
Tunisia,TUN,1981,Ambiguous
Tunisia,TUN,1982,Ambiguous
Tunisia,TUN,1983,Ambiguous
Tunisia,TUN,1984,Ambiguous
Tunisia,TUN,1985,Ambiguous
Tunisia,TUN,1986,Ambiguous
Tunisia,TUN,1987,Ambiguous
Tunisia,TUN,1988,Ambiguous
Tunisia,TUN,1989,Ambiguous
Tunisia,TUN,1990,Ambiguous
Tunisia,TUN,1991,Ambiguous
Tunisia,TUN,1992,Ambiguous
Tunisia,TUN,1993,Ambiguous
Tunisia,TUN,1994,Ambiguous
Tunisia,TUN,1995,Ambiguous
Tunisia,TUN,1996,Ambiguous
Tunisia,TUN,1997,Ambiguous
Tunisia,TUN,1998,Ambiguous
Tunisia,TUN,1999,Ambiguous
Tunisia,TUN,2000,Ambiguous
Tunisia,TUN,2001,Ambiguous
Tunisia,TUN,2002,Ambiguous
Tunisia,TUN,2003,Ambiguous
Tunisia,TUN,2004,Ambiguous
Tunisia,TUN,2005,Ambiguous
Tunisia,TUN,2006,Ambiguous
Tunisia,TUN,2007,Ambiguous
Tunisia,TUN,2008,Ambiguous
Tunisia,TUN,2009,Ambiguous
Tunisia,TUN,2010,Ambiguous
Tunisia,TUN,2011,Ambiguous
Tunisia,TUN,2012,Ambiguous
Tunisia,TUN,2013,Ambiguous
Tunisia,TUN,2014,Ambiguous
Tunisia,TUN,2015,Ambiguous
Tunisia,TUN,2016,Ambiguous
Tunisia,TUN,2017,Ambiguous
Tunisia,TUN,2018,Ambiguous
Tunisia,TUN,2019,Ambiguous
Tunisia,TUN,2020,Ambiguous
Tunisia,TUN,2021,Ambiguous
Tunisia,TUN,2022,Ambiguous
Tunisia,TUN,2023,Ambiguous
Tunisia,TUN,2024,Ambiguous
Tunisia,TUN,2025,Ambiguous
Turkey,TUR,2025,Illegal
Turkmenistan,TKM,2025,Ambiguous
Uganda,UGA,2025,Illegal
Ukraine,UKR,2022,Legal
Ukraine,UKR,2023,Legal
Ukraine,UKR,2024,Legal
Ukraine,UKR,2025,Legal
United Arab Emirates,ARE,2025,Illegal
United Kingdom,GBR,2000,Legal
United Kingdom,GBR,2001,Legal
United Kingdom,GBR,2002,Legal
United Kingdom,GBR,2003,Legal
United Kingdom,GBR,2004,Legal
United Kingdom,GBR,2005,Legal
United Kingdom,GBR,2006,Legal
United Kingdom,GBR,2007,Legal
United Kingdom,GBR,2008,Legal
United Kingdom,GBR,2009,Legal
United Kingdom,GBR,2010,Legal
United Kingdom,GBR,2011,Legal
United Kingdom,GBR,2012,Legal
United Kingdom,GBR,2013,Legal
United Kingdom,GBR,2014,Legal
United Kingdom,GBR,2015,Legal
United Kingdom,GBR,2016,Legal
United Kingdom,GBR,2017,Legal
United Kingdom,GBR,2018,Legal
United Kingdom,GBR,2019,Legal
United Kingdom,GBR,2020,Legal
United Kingdom,GBR,2021,Legal
United Kingdom,GBR,2022,Legal
United Kingdom,GBR,2023,Legal
United Kingdom,GBR,2024,Legal
United Kingdom,GBR,2025,Legal
United States,USA,1993,"""Don't ask, don't tell"""
United States,USA,1994,"""Don't ask, don't tell"""
United States,USA,1995,"""Don't ask, don't tell"""
United States,USA,1996,"""Don't ask, don't tell"""
United States,USA,1997,"""Don't ask, don't tell"""
United States,USA,1998,"""Don't ask, don't tell"""
United States,USA,1999,"""Don't ask, don't tell"""
United States,USA,2000,"""Don't ask, don't tell"""
United States,USA,2001,"""Don't ask, don't tell"""
United States,USA,2002,"""Don't ask, don't tell"""
United States,USA,2003,"""Don't ask, don't tell"""
United States,USA,2004,"""Don't ask, don't tell"""
United States,USA,2005,"""Don't ask, don't tell"""
United States,USA,2006,"""Don't ask, don't tell"""
United States,USA,2007,"""Don't ask, don't tell"""
United States,USA,2008,"""Don't ask, don't tell"""
United States,USA,2009,"""Don't ask, don't tell"""
United States,USA,2010,"""Don't ask, don't tell"""
United States,USA,2011,Legal
United States,USA,2012,Legal
United States,USA,2013,Legal
United States,USA,2014,Legal
United States,USA,2015,Legal
United States,USA,2016,Legal
United States,USA,2017,Legal
United States,USA,2018,Legal
United States,USA,2019,"LGB permitted, transgender people banned"
United States,USA,2020,"LGB permitted, transgender people banned"
United States,USA,2021,Legal
United States,USA,2022,Legal
United States,USA,2023,Legal
United States,USA,2024,Legal
United States,USA,2025,"LGB permitted, transgender people banned"
Uruguay,URY,1973,Illegal
Uruguay,URY,1974,Illegal
Uruguay,URY,1975,Illegal
Uruguay,URY,1976,Illegal
Uruguay,URY,1977,Illegal
Uruguay,URY,1978,Illegal
Uruguay,URY,1979,Illegal
Uruguay,URY,1980,Illegal
Uruguay,URY,1981,Illegal
Uruguay,URY,1982,Illegal
Uruguay,URY,1983,Illegal
Uruguay,URY,1984,Illegal
Uruguay,URY,1985,Illegal
Uruguay,URY,1986,Illegal
Uruguay,URY,1987,Illegal
Uruguay,URY,1988,Illegal
Uruguay,URY,1989,Illegal
Uruguay,URY,1990,Illegal
Uruguay,URY,1991,Illegal
Uruguay,URY,1992,Illegal
Uruguay,URY,1993,Illegal
Uruguay,URY,1994,Illegal
Uruguay,URY,1995,Illegal
Uruguay,URY,1996,Illegal
Uruguay,URY,1997,Illegal
Uruguay,URY,1998,Illegal
Uruguay,URY,1999,Illegal
Uruguay,URY,2000,Illegal
Uruguay,URY,2001,Illegal
Uruguay,URY,2002,Illegal
Uruguay,URY,2003,Illegal
Uruguay,URY,2004,Illegal
Uruguay,URY,2005,Illegal
Uruguay,URY,2006,Illegal
Uruguay,URY,2007,Illegal
Uruguay,URY,2008,Illegal
Uruguay,URY,2009,Legal
Uruguay,URY,2010,Legal
Uruguay,URY,2011,Legal
Uruguay,URY,2012,Legal
Uruguay,URY,2013,Legal
Uruguay,URY,2014,Legal
Uruguay,URY,2015,Legal
Uruguay,URY,2016,Legal
Uruguay,URY,2017,Legal
Uruguay,URY,2018,Legal
Uruguay,URY,2019,Legal
Uruguay,URY,2020,Legal
Uruguay,URY,2021,Legal
Uruguay,URY,2022,Legal
Uruguay,URY,2023,Legal
Uruguay,URY,2024,Legal
Uruguay,URY,2025,Legal
Uzbekistan,UZB,2025,Illegal
Venezuela,VEN,2023,Legal
Venezuela,VEN,2024,Legal
Venezuela,VEN,2025,Legal
Vietnam,VNM,1992,Legal
Vietnam,VNM,1993,Legal
Vietnam,VNM,1994,Legal
Vietnam,VNM,1995,Legal
Vietnam,VNM,1996,Legal
Vietnam,VNM,1997,Legal
Vietnam,VNM,1998,Legal
Vietnam,VNM,1999,Legal
Vietnam,VNM,2000,Legal
Vietnam,VNM,2001,Legal
Vietnam,VNM,2002,Legal
Vietnam,VNM,2003,Legal
Vietnam,VNM,2004,Legal
Vietnam,VNM,2005,Legal
Vietnam,VNM,2006,Legal
Vietnam,VNM,2007,Legal
Vietnam,VNM,2008,Legal
Vietnam,VNM,2009,Legal
Vietnam,VNM,2010,Legal
Vietnam,VNM,2011,Legal
Vietnam,VNM,2012,Legal
Vietnam,VNM,2013,Legal
Vietnam,VNM,2014,Legal
Vietnam,VNM,2015,Legal
Vietnam,VNM,2016,Legal
Vietnam,VNM,2017,Legal
Vietnam,VNM,2018,Legal
Vietnam,VNM,2019,Legal
Vietnam,VNM,2020,Legal
Vietnam,VNM,2021,Legal
Vietnam,VNM,2022,Legal
Vietnam,VNM,2023,Legal
Vietnam,VNM,2024,Legal
Vietnam,VNM,2025,Legal
Yemen,YEM,2025,Illegal
Zambia,ZMB,1964,Illegal
Zambia,ZMB,1965,Illegal
Zambia,ZMB,1966,Illegal
Zambia,ZMB,1967,Illegal
Zambia,ZMB,1968,Illegal
Zambia,ZMB,1969,Illegal
Zambia,ZMB,1970,Illegal
Zambia,ZMB,1971,Illegal
Zambia,ZMB,1972,Illegal
Zambia,ZMB,1973,Illegal
Zambia,ZMB,1974,Illegal
Zambia,ZMB,1975,Illegal
Zambia,ZMB,1976,Illegal
Zambia,ZMB,1977,Illegal
Zambia,ZMB,1978,Illegal
Zambia,ZMB,1979,Illegal
Zambia,ZMB,1980,Illegal
Zambia,ZMB,1981,Illegal
Zambia,ZMB,1982,Illegal
Zambia,ZMB,1983,Illegal
Zambia,ZMB,1984,Illegal
Zambia,ZMB,1985,Illegal
Zambia,ZMB,1986,Illegal
Zambia,ZMB,1987,Illegal
Zambia,ZMB,1988,Illegal
Zambia,ZMB,1989,Illegal
Zambia,ZMB,1990,Illegal
Zambia,ZMB,1991,Illegal
Zambia,ZMB,1992,Illegal
Zambia,ZMB,1993,Illegal
Zambia,ZMB,1994,Illegal
Zambia,ZMB,1995,Illegal
Zambia,ZMB,1996,Illegal
Zambia,ZMB,1997,Illegal
Zambia,ZMB,1998,Illegal
Zambia,ZMB,1999,Illegal
Zambia,ZMB,2000,Illegal
Zambia,ZMB,2001,Illegal
Zambia,ZMB,2002,Illegal
Zambia,ZMB,2003,Illegal
Zambia,ZMB,2004,Illegal
Zambia,ZMB,2005,Illegal
Zambia,ZMB,2006,Illegal
Zambia,ZMB,2007,Illegal
Zambia,ZMB,2008,Illegal
Zambia,ZMB,2009,Illegal
Zambia,ZMB,2010,Illegal
Zambia,ZMB,2011,Illegal
Zambia,ZMB,2012,Illegal
Zambia,ZMB,2013,Illegal
Zambia,ZMB,2014,Illegal
Zambia,ZMB,2015,Illegal
Zambia,ZMB,2016,Illegal
Zambia,ZMB,2017,Illegal
Zambia,ZMB,2018,Illegal
Zambia,ZMB,2019,Illegal
Zambia,ZMB,2020,Illegal
Zambia,ZMB,2021,Illegal
Zambia,ZMB,2022,Illegal
Zambia,ZMB,2023,Illegal
Zambia,ZMB,2024,Illegal
Zambia,ZMB,2025,Illegal
Zimbabwe,ZWE,2025,"LGB permitted, transgender people banned"