sentence,stance,topic
Sea exploration is essential for understanding the ecosystems of our planet and protecting marine biodiversity,pro,Sea exploration is more important than space exploration
"Oceans cover over 70% of the Earth's surface, and exploring them could yield valuable scientific discoveries",pro,Sea exploration is more important than space exploration
"Unlike space exploration, sea exploration has immediate practical applications for climate change and ocean health",pro,Sea exploration is more important than space exploration
The oceans hold untapped resources that could provide solutions for the world��s growing energy and food needs,pro,Sea exploration is more important than space exploration
Understanding ocean currents and marine life is critical for mitigating natural disasters like tsunamis and hurricanes,pro,Sea exploration is more important than space exploration
"Space exploration opens up possibilities for discovering new habitable planets, which is crucial for humanity's long-term survival",con,Sea exploration is more important than space exploration
"Space exploration offers a much broader understanding of the universe, including potential life beyond Earth",con,Sea exploration is more important than space exploration
"Investing in space exploration has led to technological advancements that benefit society, such as satellite technology",con,Sea exploration is more important than space exploration
"The challenges and innovations involved in space exploration could inspire scientific breakthroughs in other fields, including medicine and energy",con,Sea exploration is more important than space exploration
"Space is a new frontier that holds the potential for future colonization, while we have already mapped much of the ocean floor",con,Sea exploration is more important than space exploration
"AI in the classroom can be biased if not properly regulated, leading to unfair treatment of students",pro,AI should be regulated in the classroom
"Without regulation, AI could replace teachers, undermining the importance of human interaction in education",pro,AI should be regulated in the classroom
"AI systems can be vulnerable to data breaches, which can compromise students' personal and academic information",pro,AI should be regulated in the classroom
"AI could reinforce existing inequalities if not regulated, particularly in low-income or underprivileged schools",pro,AI should be regulated in the classroom
"Regulating AI in the classroom would ensure it is used ethically and in ways that enhance, rather than replace, human learning",pro,AI should be regulated in the classroom
AI has the potential to greatly enhance personalized learning and should be allowed to operate freely in classrooms,con,AI should be regulated in the classroom
"Regulation could limit the innovative uses of AI, preventing students from benefiting from cutting-edge technologies",con,AI should be regulated in the classroom
"AI can assist teachers by automating administrative tasks, allowing them to focus more on student engagement and teaching",con,AI should be regulated in the classroom
"Unregulated AI could help students in ways traditional teaching methods cannot, improving education outcomes overall",con,AI should be regulated in the classroom
"Rather than over-regulating AI, we should focus on educating students and teachers on how to effectively use these technologies",con,AI should be regulated in the classroom
"Shopping in physical stores allows consumers to try products before purchasing, ensuring better satisfaction",pro,Physical shops are a better choice than online shops
Physical shops provide immediate access to products without the need to wait for delivery,pro,Physical shops are a better choice than online shops
The in-store shopping experience supports local businesses and contributes to the economy,pro,Physical shops are a better choice than online shops
"Physical stores offer personalized customer service, which can improve the shopping experience",pro,Physical shops are a better choice than online shops
Shopping in person allows customers to interact with products directly and make more informed purchasing decisions,pro,Physical shops are a better choice than online shops
Online shopping provides greater convenience and allows people to shop from the comfort of their own homes,con,Physical shops are a better choice than online shops
"Physical stores require customers to travel, leading to wasted time and energy, whereas online shopping is available 24/7",con,Physical shops are a better choice than online shops
"Online shops offer a wider variety of products, often at lower prices, due to the lack of overhead costs",con,Physical shops are a better choice than online shops
"With online reviews, price comparisons, and easy returns, online shopping provides a more flexible and informed shopping experience",con,Physical shops are a better choice than online shops
Online shopping has minimal environmental impact compared to the resources required for maintaining physical stores,con,Physical shops are a better choice than online shops
The oceans are largely unexplored and hold untapped potential for scientific discovery,pro,Sea exploration is more important than space exploration
"Exploring the seas can provide crucial information to combat climate change, such as understanding carbon sequestration in marine environments",pro,Sea exploration is more important than space exploration
"Marine biodiversity is essential for global food security, and understanding it requires further exploration",pro,Sea exploration is more important than space exploration
Ocean exploration is a more immediate solution for environmental crises like overfishing and pollution,pro,Sea exploration is more important than space exploration
"The oceans provide a source of natural resources like oil, gas, and minerals that could be crucial for future energy demands",pro,Sea exploration is more important than space exploration
Space exploration is essential for the long-term survival of humanity as it offers potential solutions to overpopulation and resource depletion on Earth,con,Sea exploration is more important than space exploration
"Space exploration provides insight into the origins of the universe and the possibility of life beyond Earth, a fundamental scientific endeavor",con,Sea exploration is more important than space exploration
"Technological advancements from space exploration, such as satellite communications, have had a profound impact on society",con,Sea exploration is more important than space exploration
"Space missions, like those aimed at Mars, could provide a backup plan for humanity in case of catastrophic Earth events, such as an asteroid impact",con,Sea exploration is more important than space exploration
"Space is a new frontier that holds the potential for future colonization, while we have already mapped much of the ocean floor",con,Sea exploration is more important than space exploration
"AI in the classroom can be biased if not properly regulated, leading to unfair treatment of students",pro,AI should be regulated in the classroom
"Without regulation, AI could replace teachers, undermining the importance of human interaction in education",pro,AI should be regulated in the classroom
"AI systems can be vulnerable to data breaches, which can compromise students' personal and academic information",pro,AI should be regulated in the classroom
"AI could reinforce existing inequalities if not regulated, particularly in low-income or underprivileged schools",pro,AI should be regulated in the classroom
"Regulating AI in the classroom would ensure it is used ethically and in ways that enhance, rather than replace, human learning",pro,AI should be regulated in the classroom
AI has the potential to greatly enhance personalized learning and should be allowed to operate freely in classrooms,con,AI should be regulated in the classroom
"Regulation could limit the innovative uses of AI, preventing students from benefiting from cutting-edge technologies",con,AI should be regulated in the classroom
"AI can assist teachers by automating administrative tasks, allowing them to focus more on student engagement and teaching",con,AI should be regulated in the classroom
"Unregulated AI could help students in ways traditional teaching methods cannot, improving education outcomes overall",con,AI should be regulated in the classroom
"Rather than over-regulating AI, we should focus on educating students and teachers on how to effectively use these technologies",con,AI should be regulated in the classroom
"Shopping in physical stores allows consumers to try on clothes and test products before purchase, which can prevent dissatisfaction",pro,Physical shops are a better choice than online shops
Physical shops offer immediate access to products without the need to wait for delivery,pro,Physical shops are a better choice than online shops
"In-person shopping supports local businesses, benefiting the community and contributing to the local economy",pro,Physical shops are a better choice than online shops
"Physical stores offer personalized customer service, which can improve the shopping experience",pro,Physical shops are a better choice than online shops
Shopping in person allows customers to interact with products directly and make more informed purchasing decisions,pro,Physical shops are a better choice than online shops
Online shopping provides greater convenience and allows people to shop from the comfort of their own homes,con,Physical shops are a better choice than online shops
"Physical stores require customers to travel, leading to wasted time and energy, whereas online shopping is available 24/7",con,Physical shops are a better choice than online shops
"Online shops offer a wider variety of products, often at lower prices, due to the lack of overhead costs",con,Physical shops are a better choice than online shops
"With online reviews, price comparisons, and easy returns, online shopping provides a more flexible and informed shopping experience",con,Physical shops are a better choice than online shops
Online shopping has minimal environmental impact compared to the resources required for maintaining physical stores,con,Physical shops are a better choice than online shops
"Universal Basic Income provides financial security for all, reducing poverty and economic inequality",pro,Universal Basic Income (UBI) is a good idea
"A guaranteed income allows people to pursue education, entrepreneurship, or other opportunities without the pressure of financial instability",pro,Universal Basic Income (UBI) is a good idea
"UBI can help people transition to the gig economy, where job security is less certain, by providing a stable base income",pro,Universal Basic Income (UBI) is a good idea
"With automation replacing jobs, UBI is an essential safety net for workers displaced by technology",pro,Universal Basic Income (UBI) is a good idea
UBI can improve mental health and well-being by reducing stress and anxiety related to financial insecurity,pro,Universal Basic Income (UBI) is a good idea
"UBI could lead to a decrease in the incentive to work, as people might rely on the guaranteed income instead of seeking employment",con,Universal Basic Income (UBI) is a good idea
"Funding UBI would require significant government spending, possibly leading to higher taxes or cuts in other public services",con,Universal Basic Income (UBI) is a good idea
"Universal Basic Income might not be effective in addressing the root causes of poverty, such as lack of education and access to healthcare",con,Universal Basic Income (UBI) is a good idea
"UBI could lead to inflation, reducing the value of the income provided and ultimately not improving quality of life",con,Universal Basic Income (UBI) is a good idea
"The implementation of UBI might result in less targeted support for the most vulnerable, such as those with disabilities or specific healthcare needs",con,Universal Basic Income (UBI) is a good idea
"Fossil fuels are a major driver of climate change, and their use should be phased out to protect the planet",pro,The use of fossil fuels should be banned
Switching to renewable energy sources such as wind and solar can create new jobs and boost the green economy,pro,The use of fossil fuels should be banned
"Reducing reliance on fossil fuels will help reduce air and water pollution, improving public health",pro,The use of fossil fuels should be banned
"Fossil fuels are finite resources, and moving away from them will ensure long-term energy security",pro,The use of fossil fuels should be banned
"Banning fossil fuels will accelerate innovation in clean energy technologies, which is necessary to mitigate climate change",pro,The use of fossil fuels should be banned
"Fossil fuels are currently the most reliable and affordable source of energy, and banning them could disrupt economies",con,The use of fossil fuels should be banned
"Many countries depend on fossil fuels for economic development, and a sudden ban would cause social and economic instability",con,The use of fossil fuels should be banned
Renewable energy technologies are still in development and may not be able to meet global energy demands in the short term,con,The use of fossil fuels should be banned
A ban on fossil fuels could lead to significant job losses in industries such as coal mining and oil drilling,con,The use of fossil fuels should be banned
A more practical solution would be to reduce fossil fuel consumption gradually while investing in cleaner technologies,con,The use of fossil fuels should be banned
Social media is a significant contributor to the rise in anxiety and depression among teenagers,pro,Social Media does more harm than good
"Studies have shown a correlation between heavy social media use and poor mental health outcomes, especially in young people",pro,Social Media does more harm than good
"Social media platforms are designed to keep users hooked, often leading to addictive behaviors and reduced productivity",pro,Social Media does more harm than good
"Social media can create unrealistic standards of beauty, success, and happiness, leading to negative self-image",pro,Social Media does more harm than good
"The spread of fake news and misinformation on social media has led to serious consequences, including political instability",pro,Social Media does more harm than good
"Social media has replaced real-life interaction, making people feel more isolated despite being 'connected' online",pro,Social Media does more harm than good
"Social media has been linked to the rise in cyberbullying, which negatively affects the mental health of vulnerable individuals",pro,Social Media does more harm than good
"Social media platforms are often used to manipulate public opinion and spread propaganda, influencing elections and social movements",pro,Social Media does more harm than good
Spending too much time on social media can lead to a lack of real-world social skills and a weakened ability to form genuine relationships,pro,Social Media does more harm than good
"Social media companies profit from user data and engagement, often prioritizing profit over the well-being of their users",pro,Social Media does more harm than good
"Social media helps people stay in touch with family and friends, regardless of geographic distance",con,Social Media does more harm than good
"Through social media, people can join global communities and find support for a variety of causes and personal challenges",con,Social Media does more harm than good
"Social media has been instrumental in organizing social movements, allowing people to voice their opinions and advocate for change",con,Social Media does more harm than good
Social media can help people stay informed about current events and global news in real-time,con,Social Media does more harm than good
Online platforms give people the opportunity to learn new skills and knowledge through educational content,con,Social Media does more harm than good
"Social media fosters global connections, allowing users to communicate with people from different cultures and backgrounds",con,Social Media does more harm than good
Social media provides businesses with a powerful marketing tool that can help reach a wider audience and grow their brand,con,Social Media does more harm than good
"Through social media, people can access and share information quickly, which can help in emergencies and crisis situations",con,Social Media does more harm than good
Social media platforms allow for free expression and the sharing of diverse ideas and perspectives,con,Social Media does more harm than good
Social media platforms can provide a sense of community and belonging for individuals who might otherwise feel marginalized,con,Social Media does more harm than good
"Climate change is causing an increase in the frequency and intensity of extreme weather events, threatening human lives and infrastructure",pro,Climate change is the greatest threat to humanity
Rising sea levels caused by climate change could displace millions of people and lead to widespread loss of land and property,pro,Climate change is the greatest threat to humanity
The loss of biodiversity due to climate change is having a devastating impact on ecosystems and threatens the survival of many species,pro,Climate change is the greatest threat to humanity
"Climate change poses a threat to global food security, as changes in weather patterns affect crop yields and food distribution",pro,Climate change is the greatest threat to humanity
"Extreme weather events like floods, hurricanes, and wildfires, which are exacerbated by climate change, are becoming more frequent and deadly",pro,Climate change is the greatest threat to humanity
"Climate change contributes to the spread of diseases, as warmer temperatures allow pathogens and mosquitoes to thrive in new regions",pro,Climate change is the greatest threat to humanity
"Polar ice caps are melting at alarming rates, contributing to rising sea levels and the destruction of polar ecosystems",pro,Climate change is the greatest threat to humanity
"Climate change is threatening fresh water sources due to droughts and altered precipitation patterns, affecting billions of people",pro,Climate change is the greatest threat to humanity
"Deforestation, driven by climate change and human activity, is contributing to the acceleration of climate change and the loss of biodiversity",pro,Climate change is the greatest threat to humanity
"Climate change impacts the most vulnerable populations disproportionately, leading to increased poverty and social inequality",pro,Climate change is the greatest threat to humanity
"Other issues like poverty and political instability are more immediate and require urgent attention, while climate change is a long-term issue",con,Climate change is the greatest threat to humanity
"Global health crises like pandemics are a more pressing threat to humanity, as seen with COVID-19",con,Climate change is the greatest threat to humanity
Political instability and conflicts are more likely to destabilize regions and cause more immediate harm than the gradual effects of climate change,con,Climate change is the greatest threat to humanity
"Poverty remains a more pressing issue for many people, and addressing it could help mitigate other global challenges, including climate change",con,Climate change is the greatest threat to humanity
"Climate change models are often based on uncertain data, and the actual impact of climate change might be less severe than predicted",con,Climate change is the greatest threat to humanity
"Focusing on climate change diverts attention from urgent global challenges such as healthcare access, education, and food security",con,Climate change is the greatest threat to humanity
"Climate change is a global issue that cannot be solved without international cooperation, which is often hindered by geopolitical tensions",con,Climate change is the greatest threat to humanity
"Technological innovations, such as renewable energy sources, are already mitigating the effects of climate change, reducing the threat it poses",con,Climate change is the greatest threat to humanity
Population growth and urbanization pose greater threats to humanity than climate change alone,con,Climate change is the greatest threat to humanity
"Climate change can be managed over time through adaptation strategies, whereas other crises like pandemics and political instability are more immediate and unpredictable",con,Climate change is the greatest threat to humanity
"Genetically modified crops can be designed to be more resistant to pests, diseases, and environmental stress, improving food security",pro,Genetic modification of food should be banned
GMOs can help address global food shortages by increasing the yield and nutritional value of crops,pro,Genetic modification of food should be banned
"Genetically modified crops can be engineered to require fewer pesticides, leading to less environmental pollution and harm to wildlife",pro,Genetic modification of food should be banned
"GMOs can be tailored to withstand harsh environmental conditions, ensuring stable food production even in changing climates",pro,Genetic modification of food should be banned
Genetically modified organisms (GMOs) have already been proven safe to eat by numerous scientific studies and regulatory bodies,pro,Genetic modification of food should be banned
GMOs can help alleviate hunger in developing countries by providing crops that are resistant to disease and drought,pro,Genetic modification of food should be banned
"Genetic modification of crops has led to reduced use of herbicides and pesticides, benefiting the environment and farmers",pro,Genetic modification of food should be banned
Genetically modified crops can reduce food waste by extending shelf life and improving transportation efficiency,pro,Genetic modification of food should be banned
"GMOs can help increase food security by reducing dependence on traditional, vulnerable crops that are susceptible to diseases and pests",pro,Genetic modification of food should be banned
GMOs can help make food production more sustainable and reduce the environmental impact of traditional farming practices,pro,Genetic modification of food should be banned
GMOs can lead to the development of superweeds and superbugs that are resistant to the modified crops' properties,con,Genetic modification of food should be banned
"Genetically modified crops could contaminate natural crop varieties, reducing biodiversity and creating environmental risks",con,Genetic modification of food should be banned
"GMOs may have unintended health effects that have not yet been discovered, posing long-term risks to human health",con,Genetic modification of food should be banned
"Genetically modified crops are controlled by large corporations, giving them too much power over food production and pricing",con,Genetic modification of food should be banned
"GMOs could lead to the loss of traditional farming methods and local knowledge, undermining agricultural diversity",con,Genetic modification of food should be banned
"The long-term effects of consuming genetically modified foods are still unknown, and we should exercise caution until more is understood",con,Genetic modification of food should be banned
"GMOs can increase farmers' dependence on seed patents, leading to higher costs and limited access to seeds for poor farmers",con,Genetic modification of food should be banned
"Gene editing can have unintended consequences, leading to irreversible changes in the human genome",pro,Gene editing should be banned
"Gene editing could be used to create 'designer babies,' leading to ethical concerns and social inequality",pro,Gene editing should be banned
"The long-term effects of gene editing on future generations are still unknown, and this uncertainty poses significant risks",pro,Gene editing should be banned
"Gene editing technologies can be misused for eugenics purposes, which is a violation of human rights",pro,Gene editing should be banned
Gene editing could exacerbate social inequality by allowing wealthier families to enhance their children's genetic traits,pro,Gene editing should be banned
Gene editing poses a risk of unintended genetic mutations that could have harmful consequences for individuals or entire populations,pro,Gene editing should be banned
Gene editing is a form of genetic manipulation that could lead to the alteration of human evolution in unpredictable ways,pro,Gene editing should be banned
"Genetic engineering could lead to a lack of genetic diversity in populations, making humans more vulnerable to diseases",pro,Gene editing should be banned
Gene editing should not be allowed because it may lead to the commercialization of human genetic material,pro,Gene editing should be banned
Gene editing could be exploited by powerful corporations or governments to create genetically modified people for specific purposes,pro,Gene editing should be banned
"Gene editing holds the potential to cure genetic diseases, improving the quality of life for countless people",con,Gene editing should be banned
"Gene editing can be used to eliminate genetic disorders such as cystic fibrosis, sickle cell anemia, and Huntington's disease",con,Gene editing should be banned
Gene editing can improve the quality of life by preventing genetic diseases from being passed down to future generations,con,Gene editing should be banned
Gene editing allows for the enhancement of human health and longevity by correcting harmful genetic mutations,con,Gene editing should be banned
"Gene editing offers the opportunity to create more resilient crops and better food sources, which can address global hunger",con,Gene editing should be banned
"Gene editing can lead to breakthroughs in medicine, allowing for the development of personalized treatments for genetic conditions",con,Gene editing should be banned
"Gene editing can prevent the inheritance of genetic diseases, reducing the overall burden on healthcare systems",con,Gene editing should be banned
"Gene editing could be used to enhance human intelligence and physical capabilities, improving the human race as a whole",con,Gene editing should be banned
Gene editing allows for scientific advancements that can help us understand the human genome and treat previously untreatable diseases,con,Gene editing should be banned
"Gene editing could provide solutions to problems like aging and organ transplant rejection, offering significant benefits for society",con,Gene editing should be banned
"Working from home offers more flexibility, which allows employees to manage their time and workload more effectively",pro,Working at home is more productive than working in office
"At home, employees are less likely to be distracted by office politics, which increases their focus and productivity",pro,Working at home is more productive than working in office
"Employees working from home experience a better work-life balance, leading to less burnout and higher productivity",pro,Working at home is more productive than working in office
"Remote work eliminates commuting time, allowing employees to dedicate more time to work or personal activities",pro,Working at home is more productive than working in office
"Remote workers can create personalized work environments that suit their needs, boosting efficiency and comfort",pro,Working at home is more productive than working in office
"Working from home can reduce stress by allowing employees to work in a familiar, comfortable setting",pro,Working at home is more productive than working in office
"Remote work allows for a more diverse workforce, as employees are no longer restricted by geographic location",pro,Working at home is more productive than working in office
"Home offices tend to be quieter and more controlled, leading to fewer interruptions and greater focus",pro,Working at home is more productive than working in office
"Employees can use the time saved from commuting for additional work tasks, increasing overall productivity",pro,Working at home is more productive than working in office
"Remote work reduces office-related distractions like meetings and social interactions, allowing employees to focus on tasks",pro,Working at home is more productive than working in office
"Working in an office provides a structured environment, which helps some people stay on task and be more productive",con,Working at home is more productive than working in office
"Office environments foster collaboration and spontaneous problem-solving, which can boost productivity",con,Working at home is more productive than working in office
"Working in the office allows for clear boundaries between work and personal life, reducing potential distractions",con,Working at home is more productive than working in office
"Employees in the office have immediate access to supervisors and colleagues, which can improve communication and problem-solving",con,Working at home is more productive than working in office
"Working in the office helps build team cohesion and collaboration, which can lead to more productive outcomes",con,Working at home is more productive than working in office
"Office work provides employees with access to resources, equipment, and support that may not be available at home",con,Working at home is more productive than working in office
"Working from home may cause feelings of isolation, which can negatively affect motivation and productivity",con,Working at home is more productive than working in office
"Being in the office helps employees separate personal and work responsibilities, leading to better focus during work hours",con,Working at home is more productive than working in office
"In-office work provides a clear start and end to the workday, which helps employees maintain a consistent routine",con,Working at home is more productive than working in office
"Remote work may lack structure, leading to procrastination and decreased overall productivity for some employees",con,Working at home is more productive than working in office
The government should regulate people with extraordinary strength to prevent potential harm to others,pro,"The government should control people who are stronger than others, who might potentially be dangerous"
"People with superior strength may pose a risk to public safety, and the government should ensure they are properly monitored",pro,"The government should control people who are stronger than others, who might potentially be dangerous"
"Individuals with enhanced physical abilities could misuse their strength, and the government should intervene to ensure public security",pro,"The government should control people who are stronger than others, who might potentially be dangerous"
"Stronger individuals might have an unfair advantage over others, creating social and economic imbalances that the government should address",pro,"The government should control people who are stronger than others, who might potentially be dangerous"
"Without government regulation, people with extraordinary strength could be a threat to others in situations of anger or conflict",pro,"The government should control people who are stronger than others, who might potentially be dangerous"
The government should implement policies that help people with extreme strength control their abilities and ensure they don't harm others,pro,"The government should control people who are stronger than others, who might potentially be dangerous"
"Greater physical strength could lead to a person becoming overly aggressive, and the government should regulate it to prevent violence",pro,"The government should control people who are stronger than others, who might potentially be dangerous"
"Physical power should be monitored by the government, much like how dangerous weapons are regulated, to ensure public safety",pro,"The government should control people who are stronger than others, who might potentially be dangerous"
The government should require people with extreme physical strength to undergo psychological evaluations to prevent violent outbursts,pro,"The government should control people who are stronger than others, who might potentially be dangerous"
"Extreme strength could be used for criminal activities like robbery or assault, and government control is needed to prevent abuse of power",pro,"The government should control people who are stronger than others, who might potentially be dangerous"
"People with extreme strength have the potential to protect others, not just harm them, and the government should focus on positive use of their abilities",con,"The government should control people who are stronger than others, who might potentially be dangerous"
"Strong individuals are not inherently dangerous, and the government should not discriminate based on physical ability",con,"The government should control people who are stronger than others, who might potentially be dangerous"
"The government already regulates dangerous behavior through laws against assault and violence, making additional control over strength unnecessary",con,"The government should control people who are stronger than others, who might potentially be dangerous"
Strong individuals should be responsible for managing their abilities and should not be treated as potential threats without evidence of wrongdoing,con,"The government should control people who are stronger than others, who might potentially be dangerous"
"Influencers have too much power over their followers, and their influence in politics could be dangerous if they lack the necessary expertise",pro,Influencers should not be allowed to take position in political power
"Many influencers prioritize profit and personal gain over public welfare, making them unsuitable for political leadership",pro,Influencers should not be allowed to take position in political power
"Influencers have a responsibility to promote brands and products, not govern or make decisions that affect people's lives",pro,Influencers should not be allowed to take position in political power
"Influencers are often not trained in politics or governance, and giving them political power could undermine democratic processes",pro,Influencers should not be allowed to take position in political power
"Social media platforms give influencers the ability to manipulate public opinion, and placing them in political power could lead to conflicts of interest",pro,Influencers should not be allowed to take position in political power
"Influencers may be swayed by financial or personal interests, making them unfit to represent the public or make unbiased political decisions",pro,Influencers should not be allowed to take position in political power
"Influencers have large followings based on their personal brands, not because of political knowledge or competence",pro,Influencers should not be allowed to take position in political power
"Influencers could use their political position to promote their own products or agendas, leading to corruption and a lack of accountability",pro,Influencers should not be allowed to take position in political power
Allowing influencers to hold political power could undermine the credibility of democratic institutions and foster distrust in the political system,pro,Influencers should not be allowed to take position in political power
"Political leadership requires experience, education, and critical thinking skills, which many influencers may lack",pro,Influencers should not be allowed to take position in political power
"Influencers often use their platform to spread divisive opinions, and having them in political power could exacerbate polarization and harm social cohesion",con,Influencers should not be allowed to take position in political power
"Influencers have the power to raise awareness on critical issues, and they could use that platform for positive political change",con,Influencers should not be allowed to take position in political power
"Influencers can connect with younger and diverse audiences, making them valuable in representing groups that are often underrepresented in politics",con,Influencers should not be allowed to take position in political power
Some influencers have the knowledge and expertise in certain fields that could bring fresh perspectives to political decision-making,con,Influencers should not be allowed to take position in political power
"Influencers are often perceived as more relatable and trustworthy by the public, which could help bridge the gap between politicians and voters",con,Influencers should not be allowed to take position in political power
"Influencers have the ability to inspire change and motivate people to take action, which can be a valuable trait in political leadership",con,Influencers should not be allowed to take position in political power
"With proper training, influencers could bring a new, modern approach to politics and help revitalize political engagement among younger generations",con,Influencers should not be allowed to take position in political power
"Influencers are skilled at communication, which is crucial for effective leadership and gaining public support in politics",con,Influencers should not be allowed to take position in political power
"Influencers have been successful at building trust and loyalty, qualities that could serve them well in a political role",con,Influencers should not be allowed to take position in political power
"K-Drama romance plots often follow unrealistic tropes that fail to reflect real-life relationships, which can lead to unrealistic expectations among viewers",pro,K drama romance plots and characters should be more realistic and less stereotypical
"Many K-Drama characters, especially female leads, are overly idealized and reinforce outdated gender stereotypes",pro,K drama romance plots and characters should be more realistic and less stereotypical
"The overuse of certain plot devices, like love triangles or the 'rich CEO and poor girl' trope, makes K-Drama romances feel predictable and formulaic",pro,K drama romance plots and characters should be more realistic and less stereotypical
Unrealistic portrayals of romance in K-Dramas can give young viewers distorted views of love and relationships,pro,K drama romance plots and characters should be more realistic and less stereotypical
Realistic depictions of romance and characters in K-Dramas would promote healthier and more relatable portrayals of love,pro,K drama romance plots and characters should be more realistic and less stereotypical
"K-Drama characters are often too one-dimensional, which undermines the emotional depth and complexity that real relationships possess",pro,K drama romance plots and characters should be more realistic and less stereotypical
"More realistic characters in K-Dramas could reflect the diversity of real-world relationships, making them more relatable to a global audience",pro,K drama romance plots and characters should be more realistic and less stereotypical
Excessive emphasis on 'perfect' love stories in K-Dramas can perpetuate unhealthy relationship ideals and affect viewers' self-esteem,pro,K drama romance plots and characters should be more realistic and less stereotypical
"By showcasing more realistic characters and relationships, K-Dramas could break free from the rigid, traditional gender roles that dominate the genre",pro,K drama romance plots and characters should be more realistic and less stereotypical
More diverse and complex romance plots in K-Dramas would challenge cultural norms and push for a more progressive view of love,pro,K drama romance plots and characters should be more realistic and less stereotypical
K-Drama romances should focus on deep emotional connections rather than superficial tropes to reflect the complexity of real love,con,K drama romance plots and characters should be more realistic and less stereotypical
"K-Drama romance plots are meant to be idealized and entertaining, not necessarily realistic, which is what attracts many viewers",con,K drama romance plots and characters should be more realistic and less stereotypical
"Unrealistic romantic plots are part of the charm and escapism that many viewers enjoy, and making them more realistic could diminish the fantasy aspect",con,K drama romance plots and characters should be more realistic and less stereotypical
"Romanticized portrayals of love in K-Dramas allow people to dream about perfect relationships, which is why they are so popular",con,K drama romance plots and characters should be more realistic and less stereotypical
"Romantic tropes in K-Dramas reflect the idealized version of love, which is important for storytelling and emotional engagement",con,K drama romance plots and characters should be more realistic and less stereotypical
"Exaggerated characters and plots in K-Dramas are part of the genre's unique charm, and shifting towards realism could make them feel less captivating",con,K drama romance plots and characters should be more realistic and less stereotypical
"Realism in K-Drama romances could undermine the genre��s cultural value, which often reflects society's traditional views on relationships",con,K drama romance plots and characters should be more realistic and less stereotypical
"K-Drama is an escape from the mundane, and viewers enjoy idealized characters and plots as a form of fantasy, not as a mirror of reality",con,K drama romance plots and characters should be more realistic and less stereotypical
"Many K-Drama fans enjoy the stylized, exaggerated forms of romance because they provide entertainment, not lessons in real-life relationships",con,K drama romance plots and characters should be more realistic and less stereotypical
The overuse of unrealistic tropes in K-Dramas does not harm viewers as long as it is understood to be fictional entertainment,con,K drama romance plots and characters should be more realistic and less stereotypical
"Doctors have an ethical obligation to be honest with terminally ill patients, as transparency is crucial for informed decision-making",pro,Doctors have an obligation to tell the truth to terminally ill patients
Being honest with terminally ill patients respects their autonomy and allows them to make end-of-life decisions according to their own values,pro,Doctors have an obligation to tell the truth to terminally ill patients
"Honesty from doctors allows terminally ill patients to prepare emotionally, spiritually, and practically for their final days",pro,Doctors have an obligation to tell the truth to terminally ill patients
"Transparency in diagnosis and prognosis helps patients seek support from family, friends, and counselors, which can improve quality of life",pro,Doctors have an obligation to tell the truth to terminally ill patients
Terminally ill patients have the right to know the truth about their condition in order to plan their affairs and make peace with their situation,pro,Doctors have an obligation to tell the truth to terminally ill patients
Telling the truth about a terminal diagnosis allows patients to access palliative care and other treatments that can improve their remaining time,pro,Doctors have an obligation to tell the truth to terminally ill patients
"Honesty in medicine helps build trust between doctors and patients, which is essential for effective healthcare",pro,Doctors have an obligation to tell the truth to terminally ill patients
Patients who are not told the truth about their terminal condition may experience greater emotional distress when the reality sets in,pro,Doctors have an obligation to tell the truth to terminally ill patients
Truthful communication can help terminally ill patients make decisions about their final days and prepare their families for the future,pro,Doctors have an obligation to tell the truth to terminally ill patients
"By being honest, doctors empower patients to live their final days with dignity, making informed choices about their care",pro,Doctors have an obligation to tell the truth to terminally ill patients
Doctors should avoid causing unnecessary distress by telling terminally ill patients the harsh truth when it is not essential,con,Doctors have an obligation to tell the truth to terminally ill patients
Telling terminally ill patients the truth about their prognosis could lead to increased anxiety and worsen their quality of life,con,Doctors have an obligation to tell the truth to terminally ill patients
"Sometimes, a more gentle approach is appropriate, and doctors should prioritize emotional well-being over blunt honesty",con,Doctors have an obligation to tell the truth to terminally ill patients
"Terminally ill patients may not want to know the full truth, and doctors should respect their desire for peace and hope",con,Doctors have an obligation to tell the truth to terminally ill patients
"In certain cases, doctors may choose not to fully disclose the truth to prevent unnecessary distress or emotional suffering",con,Doctors have an obligation to tell the truth to terminally ill patients
"Not all terminally ill patients are psychologically prepared to hear the truth, and doctors should use discretion in how they communicate",con,Doctors have an obligation to tell the truth to terminally ill patients
The emotional harm caused by telling terminally ill patients the entire truth could outweigh the benefits of full transparency,con,Doctors have an obligation to tell the truth to terminally ill patients
"Terminally ill patients may prefer to live in hope and denial, and doctors should honor their wishes by not focusing solely on the prognosis",con,Doctors have an obligation to tell the truth to terminally ill patients
Doctors should prioritize the well-being of their patients and may choose to withhold information that could lead to unnecessary suffering,con,Doctors have an obligation to tell the truth to terminally ill patients
"Sometimes, telling the truth could undermine the patient's hope and willingness to fight, which could negatively affect their quality of life",con,Doctors have an obligation to tell the truth to terminally ill patients
Raising the minimum wage would help reduce poverty and increase the standard of living for low-income workers,pro,Minimum wage should be raised
"Increasing the minimum wage would allow workers to afford basic necessities like housing, healthcare, and education",pro,Minimum wage should be raised
Raising the minimum wage would stimulate the economy by increasing the purchasing power of workers,pro,Minimum wage should be raised
A higher minimum wage would reduce reliance on social welfare programs by enabling workers to support themselves,pro,Minimum wage should be raised
"Raising the minimum wage would improve workers' morale, leading to increased productivity and reduced turnover",pro,Minimum wage should be raised
"A higher minimum wage ensures fairer compensation for workers who perform essential jobs, such as in retail and food service",pro,Minimum wage should be raised
Raising the minimum wage would reduce income inequality and help close the wealth gap between rich and poor,pro,Minimum wage should be raised
"Increasing the minimum wage would lead to higher consumer spending, which boosts demand for goods and services",pro,Minimum wage should be raised
"Raising the minimum wage would decrease the number of people working multiple jobs to make ends meet, allowing for better work-life balance",pro,Minimum wage should be raised
Raising the minimum wage would promote fairness and ensure that workers are compensated fairly for their labor,con,Minimum wage should be raised
"Raising the minimum wage could lead to job losses, as businesses may be forced to cut positions to manage higher labor costs",con,Minimum wage should be raised
"Increasing the minimum wage may result in higher prices for goods and services, causing inflation",con,Minimum wage should be raised
"Raising the minimum wage could discourage businesses from hiring low-skilled workers, limiting job opportunities for young and inexperienced individuals",con,Minimum wage should be raised
"A higher minimum wage could harm small businesses, who may struggle to afford the increased labor costs",con,Minimum wage should be raised
"Raising the minimum wage may disproportionately affect industries that rely on low-wage labor, such as hospitality and retail",con,Minimum wage should be raised
"Instead of raising the minimum wage, the government should focus on providing better training and educational opportunities for low-income workers",con,Minimum wage should be raised
"Raising the minimum wage could lead to automation in some industries, resulting in job displacement for workers",con,Minimum wage should be raised
"Some businesses may reduce employee benefits or hours in response to a minimum wage increase, negating the benefits of the raise",con,Minimum wage should be raised
Increasing the minimum wage may not effectively reduce poverty if it leads to higher unemployment rates and fewer job opportunities,con,Minimum wage should be raised
